event,stage,breaker 1 (red),breaker 2 (blue),winner,battle rounds,number of judges,breaker 1 round wins,breaker 2 round wins,breaker 1 vote count,breaker 2 vote count,judge 1 name,judge 2 name,judge 3 name,judge 4 name,judge 5 name,judge 6 name,judge 7 name,judge 8 name,judge 9 name,r1j1over,r1j1tech,r1j1vari,r1j1perf,r1j2over,r1j2tech,r1j2vari,r1j2perf,r1j3over,r1j3tech,r1j3vari,r1j3perf,r1j4over,r1j4tech,r1j4vari,r1j4perf,r1j5over,r1j5tech,r1j5vari,r1j5perf,r1j6over,r1j6tech,r1j6vari,r1j6perf,r1j7over,r1j7tech,r1j7vari,r1j7perf,r1j8over,r1j8tech,r1j8vari,r1j8perf,r1j9over,r1j9tech,r1j9vari,r1j9perf,r2j1over,r2j1tech,r2j1vari,r2j1perf,r2j2over,r2j2tech,r2j2vari,r2j2perf,r2j3over,r2j3tech,r2j3vari,r2j3perf,r2j4over,r2j4tech,r2j4vari,r2j4perf,r2j5over,r2j5tech,r2j5vari,r2j5perf,r2j6over,r2j6tech,r2j6vari,r2j6perf,r2j7over,r2j7tech,r2j7vari,r2j7perf,r2j8over,r2j8tech,r2j8vari,r2j8perf,r2j9over,r2j9tech,r2j9vari,r2j9perf,r3j1over,r3j1tech,r3j1vari,r3j1perf,r3j2over,r3j2tech,r3j2vari,r3j2perf,r3j3over,r3j3tech,r3j3vari,r3j3perf,r3j4over,r3j4tech,r3j4vari,r3j4perf,r3j5over,r3j5tech,r3j5vari,r3j5perf,r3j6over,r3j6tech,r3j6vari,r3j6perf,r3j7over,r3j7tech,r3j7vari,r3j7perf,r3j8over,r3j8tech,r3j8vari,r3j8perf,r3j9over,r3j9tech,r3j9vari,r3j9perf,r4j1over,r4j1tech,r4j1vari,r4j1perf,r4j2over,r4j2tech,r4j2vari,r4j2perf,r4j3over,r4j3tech,r4j3vari,r4j3perf,r4j4over,r4j4tech,r4j4vari,r4j4perf,r4j5over,r4j5tech,r4j5vari,r4j5perf,r4j6over,r4j6tech,r4j6vari,r4j6perf,r4j7over,r4j7tech,r4j7vari,r4j7perf,r4j8over,r4j8tech,r4j8vari,r4j8perf,r4j9over,r4j9tech,r4j9vari,r4j9perf
BfG Challenge Series - Villa de Leyva 2024,1vs1 B-Girls Adult Top 16 KnockOut,Luma,Riko,Riko,3,5,0,3,1,14,Candy A.,Den Ruffneck,Giova Breakill,Kadoer,Xedo,,,,,8.83,4.83,3.17,0.83,5.17,4.17,2.83,-1.83,-20.17,-8,-5.5,-6.67,6.67,2.17,6.5,-2,6.17,8.67,1.17,-3.67,,,,,,,,,,,,,,,,,6,9.67,2.5,-6.17,15.33,5.67,5.17,4.5,14.17,3.33,5.83,5,6,1.17,3.67,1.17,22.17,9.67,7,5.5,,,,,,,,,,,,,,,,,15.83,8.5,2.67,4.67,11.83,6.33,2.67,2.83,19.33,9.5,4.17,5.67,24.5,12.17,6.67,5.67,30.67,11.67,11,8,,,,,,,,,,,,,,,,,,,,,,,,,,,,,,,,,,,,,,,,,,,,,,,,,,,,
BfG Challenge Series - Villa de Leyva 2025,1vs1 B-Girls Adult Top 16 KnockOut,Swami,Zue,Swami,3,5,3,0,14,1,Candy A.,Den Ruffneck,Giova Breakill,Kadoer,Xedo,,,,,-14.83,-7.83,-4.33,-2.67,-15.67,-4.33,-9,-2.33,-18.5,-11,-7.5,0,-5.5,-4.33,-3.67,2.5,-16.17,-6.83,-4,-5.33,,,,,,,,,,,,,,,,,-23.33,-9.33,-6.5,-7.5,-21,-5.17,-9.33,-6.5,-18.5,-8.33,-3.83,-6.33,1.67,-4.33,3.67,2.33,-19.67,-10.17,-6.33,-3.17,,,,,,,,,,,,,,,,,-38.17,-13.17,-11,-14,-16.17,-6,-4.67,-5.5,-27.33,-16.33,-4.67,-6.33,-7.5,-5.33,-4.5,2.33,-11.5,-9.5,2.83,-4.83,,,,,,,,,,,,,,,,,,,,,,,,,,,,,,,,,,,,,,,,,,,,,,,,,,,,
BfG Challenge Series - Villa de Leyva 2026,1vs1 B-Girls Adult Top 16 KnockOut,Luma,Zue,Luma,3,5,3,0,15,0,Candy A.,Den Ruffneck,Giova Breakill,Kadoer,Xedo,,,,,-22.17,-4.83,-9.17,-8.17,-14,-4.33,-7.83,-1.83,-23.5,-6,-6.83,-10.67,-7.33,-6.17,-3,1.83,-18.67,-5.17,-9.5,-4,,,,,,,,,,,,,,,,,-4.33,-4,-2.33,2,-13,-4.5,-5.17,-3.33,-15,-6.17,-3.83,-5,-8.33,-6.67,2.17,-3.83,-18.67,-7,-9,-2.67,,,,,,,,,,,,,,,,,-13.5,-4.83,-5.5,-3.17,-8.83,0,-7.33,-1.5,-15.83,-7.33,-3.17,-5.33,-4.67,-5,-3,3.33,-33.67,-10.33,-17.33,-6,,,,,,,,,,,,,,,,,,,,,,,,,,,,,,,,,,,,,,,,,,,,,,,,,,,,
BfG Challenge Series - Villa de Leyva 2027,1vs1 B-Girls Adult Top 16 KnockOut,Riko,Swami,Riko,3,5,3,0,13,2,Candy A.,Den Ruffneck,Giova Breakill,Kadoer,Xedo,,,,,-5.17,-3.67,-3.83,2.33,12.67,3.67,5,4,35.33,13.5,13.83,8,-10.67,-5.5,-9.67,4.5,-8.83,-2.83,-8.83,2.83,,,,,,,,,,,,,,,,,-9.67,-9.17,-7.17,6.67,-10.5,-4.67,-5.83,0,-16,-5.5,-5.17,-5.33,-15,-5,-7,-3,-13.67,-5.83,-10.17,2.33,,,,,,,,,,,,,,,,,-12.33,-6.33,-3.67,-2.33,-21.5,-8.17,-8.67,-4.67,-14.33,-8.17,-3.67,-2.5,-11.33,-2.17,-7.33,-1.83,-18,-5.5,-10,-2.5,,,,,,,,,,,,,,,,,,,,,,,,,,,,,,,,,,,,,,,,,,,,,,,,,,,,
BfG Challenge Series - Villa de Leyva 2028,1vs1 B-Girls Adult Top 16 KnockOut,Leona,Zue,Zue,2,5,0,2,1,9,Candy A.,Den Ruffneck,Giova Breakill,Kadoer,Xedo,,,,,-10.67,-5.67,-4.83,-0.17,2.67,2,-3.33,4,14.5,3.67,4.83,6,5.67,-5.33,7.17,3.83,7.83,4,6.67,-2.83,,,,,,,,,,,,,,,,,8.5,2.33,2,4.17,6,5.67,2.67,-2.33,14.17,4.17,5.33,4.67,2.5,-3.83,2.17,4.17,6.83,3.83,5.83,-2.83,,,,,,,,,,,,,,,,,,,,,,,,,,,,,,,,,,,,,,,,,,,,,,,,,,,,,,,,,,,,,,,,,,,,,,,,,,,,,,,,,,,,,,,,
BfG Challenge Series - Villa de Leyva 2029,1vs1 B-Girls Adult Top 16 KnockOut,Layhonel,Swami,Swami,2,5,0,2,0,10,Candy A.,Den Ruffneck,Giova Breakill,Kadoer,Xedo,,,,,19.17,9.83,4.67,4.67,12.83,7.67,4.83,0.33,42,16.5,12.67,12.83,19.5,4.33,9.17,6,6.5,5.83,3.17,-2.5,,,,,,,,,,,,,,,,,32,13.17,8.83,10,17,9.33,3.33,4.33,40.33,15,14,11.33,18,2.33,6.5,9.17,19.33,8,6.33,5,,,,,,,,,,,,,,,,,,,,,,,,,,,,,,,,,,,,,,,,,,,,,,,,,,,,,,,,,,,,,,,,,,,,,,,,,,,,,,,,,,,,,,,,
BfG Challenge Series - Villa de Leyva 2030,1vs1 B-Girls Adult Top 16 KnockOut,Luma,Natural,Luma,2,5,2,0,10,0,Candy A.,Den Ruffneck,Giova Breakill,Kadoer,Xedo,,,,,-43,-19.83,-9.33,-13.83,-17.5,-7,-5.5,-5,-24.33,-7.83,-8.67,-7.83,-20.83,-11.83,-3.83,-5.17,-21,-7.33,-6.67,-7,,,,,,,,,,,,,,,,,-32.83,-13.5,-12.33,-7,-3,-7.17,1.5,2.67,-9,-7.67,-4.17,2.83,-8.33,-10,-2.17,3.83,-18.17,-10.67,-3.33,-4.17,,,,,,,,,,,,,,,,,,,,,,,,,,,,,,,,,,,,,,,,,,,,,,,,,,,,,,,,,,,,,,,,,,,,,,,,,,,,,,,,,,,,,,,,
BfG Challenge Series - Villa de Leyva 2031,1vs1 B-Girls Adult Top 16 KnockOut,Mantra,Riko,Riko,2,5,0,2,1,9,Candy A.,Den Ruffneck,Giova Breakill,Kadoer,Xedo,,,,,56.17,25,19.83,11.33,13.83,5.33,4.5,4,61,20.5,19.33,21.17,27.83,14.17,7.17,6.5,13.83,4.17,4.5,5.17,,,,,,,,,,,,,,,,,33.17,19.17,7,7,-0.5,1.33,2,-3.83,45.17,16.33,15.17,13.67,21.33,7.5,5.17,8.67,20.67,7.33,7,6.33,,,,,,,,,,,,,,,,,,,,,,,,,,,,,,,,,,,,,,,,,,,,,,,,,,,,,,,,,,,,,,,,,,,,,,,,,,,,,,,,,,,,,,,,
BfG Challenge Series - Villa de Leyva 2032,1vs1 B-Girls Adult Top 16 KnockOut,Layhonel,Diecisiete,Layhonel,2,5,2,0,10,0,Candy A.,Den Ruffneck,Giova Breakill,Kadoer,Xedo,,,,,-39.83,-12.33,-9.17,-18.33,-6.67,-6.33,-3.17,2.83,-19.17,-4.83,-6.33,-8,-19.33,-10.5,-6.17,-2.67,-12.17,-5.5,-3.5,-3.17,,,,,,,,,,,,,,,,,-24.17,-13,-5.5,-5.67,-10.83,-4.5,-3.67,-2.67,-14.33,-6,-3,-5.33,-23.33,-11.67,-8.67,-3,-19.33,-8.83,-3.33,-7.17,,,,,,,,,,,,,,,,,,,,,,,,,,,,,,,,,,,,,,,,,,,,,,,,,,,,,,,,,,,,,,,,,,,,,,,,,,,,,,,,,,,,,,,,
BfG Challenge Series - Villa de Leyva 2033,1vs1 B-Girls Adult Top 16 KnockOut,Zeta Rock,Mantra,Mantra,2,5,0,2,2,8,Candy A.,Den Ruffneck,Giova Breakill,Kadoer,Xedo,,,,,17.17,6.67,5,5.5,-10,-8.33,-4,2.33,12.67,4.83,3.33,4.5,2.83,2.17,5,-4.33,-3.17,2.67,-3.33,-2.5,,,,,,,,,,,,,,,,,8.33,13.83,5,-10.5,3.33,2.5,-3.83,4.67,8.83,4.17,2.33,2.33,8.83,4.83,6.33,-2.33,11.17,2.5,2.67,6,,,,,,,,,,,,,,,,,,,,,,,,,,,,,,,,,,,,,,,,,,,,,,,,,,,,,,,,,,,,,,,,,,,,,,,,,,,,,,,,,,,,,,,,
BfG Challenge Series - Villa de Leyva 2034,1vs1 B-Girls Adult Top 16 KnockOut,Leidy Joahana,Leona,Leona,2,5,0,2,2,8,Candy A.,Den Ruffneck,Giova Breakill,Kadoer,Xedo,,,,,24.17,8.17,8.33,7.67,-6.33,-4.33,2.33,-4.33,11.83,3.67,2.83,5.33,21,10.33,4.17,6.5,5.83,2.5,2.33,1,,,,,,,,,,,,,,,,,2.33,3.17,-3.17,2.33,6.67,5.67,0.67,0.33,-8,-2.67,-2.33,-3,18.5,7.5,2.67,8.33,5,1.5,1.67,1.83,,,,,,,,,,,,,,,,,,,,,,,,,,,,,,,,,,,,,,,,,,,,,,,,,,,,,,,,,,,,,,,,,,,,,,,,,,,,,,,,,,,,,,,,
BfG Challenge Series - Villa de Leyva 2035,1vs1 B-Girls Adult Top 16 KnockOut,Krisha,Natural,Natural,2,5,0,2,0,10,Candy A.,Den Ruffneck,Giova Breakill,Kadoer,Xedo,,,,,4.33,-1.5,2,3.83,4.33,-3.17,4,3.5,28.17,10.17,9.83,8.17,19.67,3.67,10.83,5.17,4.67,-2.67,2.83,4.5,,,,,,,,,,,,,,,,,1.17,-5.33,3.5,3,18.5,3.5,8.83,6.17,20.67,6.5,6.83,7.33,16.33,5.67,3.83,6.83,1.33,-3.83,3.67,1.5,,,,,,,,,,,,,,,,,,,,,,,,,,,,,,,,,,,,,,,,,,,,,,,,,,,,,,,,,,,,,,,,,,,,,,,,,,,,,,,,,,,,,,,,
BfG Challenge Series - Villa de Leyva 2036,1vs1 B-Girls Adult Top 16 KnockOut,Skillgirl,Zue,Zue,2,5,0,2,0,10,Candy A.,Den Ruffneck,Giova Breakill,Kadoer,Xedo,,,,,12,13.17,4.5,-5.67,23.83,8.17,7.17,8.5,16.5,3.33,7.33,5.83,5.5,2.17,6.17,-2.83,8.83,4.17,2.67,2,,,,,,,,,,,,,,,,,0.67,5,-2.67,-1.67,17.67,9.83,4.33,3.5,13,5.33,2.33,5.33,3,4.83,-2.33,0.5,6.17,2.33,4.67,-0.83,,,,,,,,,,,,,,,,,,,,,,,,,,,,,,,,,,,,,,,,,,,,,,,,,,,,,,,,,,,,,,,,,,,,,,,,,,,,,,,,,,,,,,,,
BfG Challenge Series - Villa de Leyva 2037,1vs1 B-Girls Adult Top 16 KnockOut,Dylor,Swami,Swami,2,5,0,2,0,10,Candy A.,Den Ruffneck,Giova Breakill,Kadoer,Xedo,,,,,13.33,10,5.33,-2,15.83,7.33,6,2.5,40,14.67,11.33,14,25.67,14.67,8.17,2.83,13.67,3.33,8,2.33,,,,,,,,,,,,,,,,,22.5,10.33,7,5.17,14.17,3.83,6.5,3.83,49.17,16.67,17,15.5,28.33,8.33,12,8,14.67,4.83,4.33,5.5,,,,,,,,,,,,,,,,,,,,,,,,,,,,,,,,,,,,,,,,,,,,,,,,,,,,,,,,,,,,,,,,,,,,,,,,,,,,,,,,,,,,,,,,
BfG Challenge Series - Villa de Leyva 2038,1vs1 B-Girls Adult Top 16 KnockOut,Flex,Luma,Luma,2,5,0,2,0,10,Candy A.,Den Ruffneck,Giova Breakill,Kadoer,Xedo,,,,,24.33,11.67,7,5.67,19.17,15,-2.17,6.33,52.5,16.83,18.17,17.5,30.17,13.83,8.67,7.67,9.5,1.83,4.67,3,,,,,,,,,,,,,,,,,16.33,2.67,2.83,10.83,27.5,7.17,6.5,13.83,25.5,9.67,7.83,8,33.83,14,13.17,6.67,14.5,6.67,4.67,3.17,,,,,,,,,,,,,,,,,,,,,,,,,,,,,,,,,,,,,,,,,,,,,,,,,,,,,,,,,,,,,,,,,,,,,,,,,,,,,,,,,,,,,,,,
BfG Challenge Series - Villa de Leyva 2039,1vs1 B-Girls Adult Top 16 KnockOut,Riko,Angry B,Riko,2,5,2,0,10,0,Candy A.,Den Ruffneck,Giova Breakill,Kadoer,Xedo,,,,,-32,-14.5,-14.17,-3.33,-22.17,-11.67,-7.17,-3.33,-38.67,-11.5,-11.5,-15.67,-28.67,-15.5,-10.17,-3,-30.67,-14.83,-12.67,-3.17,,,,,,,,,,,,,,,,,-33,-16.33,-18.67,2,-32.5,-16.33,-13.17,-3,-34.17,-13.33,-12.83,-8,-35.17,-10.83,-17.83,-6.5,-29.83,-7,-16.67,-6.17,,,,,,,,,,,,,,,,,,,,,,,,,,,,,,,,,,,,,,,,,,,,,,,,,,,,,,,,,,,,,,,,,,,,,,,,,,,,,,,,,,,,,,,,
BfG Challenge Series - Villa de Leyva 2040,1vs1 B-Girls Youth Top 8 KnockOut,Riko,Leona,Riko,3,5,3,0,14,1,Candy A.,Den Ruffneck,Giova Breakill,Kadoer,Xedo,,,,,-22.83,-5.83,-7.5,-9.5,-15.17,-8,-3.5,-3.67,-19.5,-5.17,-6.5,-7.83,-3.33,-2.5,-2.83,2,-37.17,-12,-12.33,-12.83,,,,,,,,,,,,,,,,,-15,-4.5,-6.67,-3.83,-5.67,-5.33,-1.83,1.5,-41.67,-21,-13.17,-7.5,-14.67,-5.33,-6.5,-2.83,-36.33,-11.67,-13.33,-11.33,,,,,,,,,,,,,,,,,0.5,5,-2.83,-1.67,-2.17,1.5,-1.83,-1.83,-24.83,-10.5,-7.33,-7,-3.67,2,-3.83,-1.83,-25.33,-6,-9.5,-9.83,,,,,,,,,,,,,,,,,,,,,,,,,,,,,,,,,,,,,,,,,,,,,,,,,,,,
BfG Challenge Series - Villa de Leyva 2041,1vs1 B-Girls Youth Top 8 KnockOut,Skillgirl,Layhonel,Layhonel,3,5,0,3,5,10,Candy A.,Den Ruffneck,Giova Breakill,Kadoer,Xedo,,,,,-19.17,-7.83,-5.67,-5.67,-6.33,2.67,-4.33,-4.67,23,11,6,6,3,3.67,-2.67,2,13.33,11,4.33,-2,,,,,,,,,,,,,,,,,-12.33,-3.17,-5.17,-4,2.33,-1.67,1.67,2.33,-11.83,-4.5,-4,-3.33,1,5.83,-2.33,-2.5,14.17,7,3.67,3.5,,,,,,,,,,,,,,,,,3.33,-3.17,3.83,2.67,7.33,2,3,2.33,-6.17,-4.67,0,-1.5,2.5,4.33,0.83,-2.67,13.17,6,4,3.17,,,,,,,,,,,,,,,,,,,,,,,,,,,,,,,,,,,,,,,,,,,,,,,,,,,,
BfG Challenge Series - Villa de Leyva 2042,1vs1 B-Girls Youth Top 8 KnockOut,Layhonel,Leona,Leona,3,5,1,2,6,9,Candy A.,Den Ruffneck,Giova Breakill,Kadoer,Xedo,,,,,-4.67,2.33,-2.83,-4.17,7,6,4.33,-3.33,25,12.33,5,7.67,9.5,9.33,4,-3.83,3.5,5.17,3.33,-5,,,,,,,,,,,,,,,,,-2.5,1.17,-3.67,0,8.33,3,7,-1.67,19,9.67,4,5.33,16.67,3,10.5,3.17,-15.67,-4,-6.33,-5.33,,,,,,,,,,,,,,,,,-4.83,1.5,-2.67,-3.67,-5.67,0,-2.5,-3.17,9.67,6.67,1.17,1.83,8.83,0.83,5.67,2.33,-17.17,-8.33,-5.33,-3.5,,,,,,,,,,,,,,,,,,,,,,,,,,,,,,,,,,,,,,,,,,,,,,,,,,,,
BfG Challenge Series - Villa de Leyva 2043,1vs1 B-Girls Youth Top 8 KnockOut,Riko,Skillgirl,Riko,3,5,3,0,15,0,Candy A.,Den Ruffneck,Giova Breakill,Kadoer,Xedo,,,,,-25.17,-11.83,-7.33,-6,-18,-8.33,-7.33,-2.33,-49,-20.17,-13.33,-15.5,-28.5,-10,-9.33,-9.17,-33,-17.33,-12.33,-3.33,,,,,,,,,,,,,,,,,-17.83,-9.5,-3.83,-4.5,-23.67,-9,-11.5,-3.17,-39.67,-18,-12.5,-9.17,-41.67,-16.5,-12,-13.17,-28.67,-15.5,-9.67,-3.5,,,,,,,,,,,,,,,,,-25.67,-12.67,-9.83,-3.17,-24,-16.83,-10,2.83,-40.5,-18.5,-11.67,-10.33,-22.17,-12.17,-8.5,-1.5,-29.33,-12.83,-9.67,-6.83,,,,,,,,,,,,,,,,,,,,,,,,,,,,,,,,,,,,,,,,,,,,,,,,,,,,
BfG Challenge Series - Villa de Leyva 2044,1vs1 B-Girls Youth Top 8 KnockOut,Angry B,Skillgirl,Skillgirl,2,5,0,2,0,10,Candy A.,Den Ruffneck,Giova Breakill,Kadoer,Xedo,,,,,27.83,16,3.83,8,15.17,5.83,6.5,2.83,11.5,11.5,0,0,12.5,2.33,4.5,5.67,22,8.17,7,6.83,,,,,,,,,,,,,,,,,18.33,6.5,6.33,5.5,9,2.33,3,3.67,27,12.17,7.33,7.5,17.33,5.5,6.83,5,15,2.83,6.17,6,,,,,,,,,,,,,,,,,,,,,,,,,,,,,,,,,,,,,,,,,,,,,,,,,,,,,,,,,,,,,,,,,,,,,,,,,,,,,,,,,,,,,,,,
BfG Challenge Series - Villa de Leyva 2045,1vs1 B-Girls Youth Top 8 KnockOut,Melibee,Layhonel,Layhonel,2,5,0,2,0,10,Candy A.,Den Ruffneck,Giova Breakill,Kadoer,Xedo,,,,,31.83,14.17,6.5,11.17,15.67,2.83,7,5.83,28,12.33,9.33,6.33,22.83,12.33,5.83,4.67,23,4,13.5,5.5,,,,,,,,,,,,,,,,,20.5,10,5.33,5.17,8.33,2,6.33,0,29.17,10.67,3.5,15,16.83,10.5,1.67,4.67,17,8.17,5,3.83,,,,,,,,,,,,,,,,,,,,,,,,,,,,,,,,,,,,,,,,,,,,,,,,,,,,,,,,,,,,,,,,,,,,,,,,,,,,,,,,,,,,,,,,
BfG Challenge Series - Villa de Leyva 2046,1vs1 B-Girls Youth Top 8 KnockOut,Luisa Fernanda,Leona,Leona,2,5,0,2,0,10,Candy A.,Den Ruffneck,Giova Breakill,Kadoer,Xedo,,,,,26.5,12.67,7.5,6.33,10.17,5.83,2.33,2,15.67,10.5,2.33,2.83,15.5,7.67,3.17,4.67,8,4.83,4.67,-1.5,,,,,,,,,,,,,,,,,21.83,8.83,4,9,17.67,7.5,5.33,4.83,15.67,8,4.5,3.17,14.67,8.33,1.67,4.67,16.33,12.33,6.83,-2.83,,,,,,,,,,,,,,,,,,,,,,,,,,,,,,,,,,,,,,,,,,,,,,,,,,,,,,,,,,,,,,,,,,,,,,,,,,,,,,,,,,,,,,,,
BfG Challenge Series - Villa de Leyva 2047,1vs1 B-Girls Youth Top 8 KnockOut,Yare,Riko,Riko,2,5,0,2,0,10,Candy A.,Den Ruffneck,Giova Breakill,Kadoer,Xedo,,,,,35.83,15.5,9.17,11.17,46.33,14.67,14.17,17.5,51.67,21.33,15.83,14.5,35.5,13,13,9.5,22.33,7,8.67,6.67,,,,,,,,,,,,,,,,,31,9.83,9.83,11.33,43.67,15.33,15.5,12.83,45,21,13.5,10.5,37,16,8.83,12.17,28.83,8.5,10,10.33,,,,,,,,,,,,,,,,,,,,,,,,,,,,,,,,,,,,,,,,,,,,,,,,,,,,,,,,,,,,,,,,,,,,,,,,,,,,,,,,,,,,,,,,
BfG Challenge Series - Villa de Leyva 2048,1vs1 B-Boys Adult Top 16 KnockOut,Ricky Rulez,Alvin,Alvin,3,5,0,3,5,10,Candy A.,Den Ruffneck,Giova Breakill,Kadoer,Xedo,,,,,-4.67,4.83,-3.17,-6.33,-7.5,3,-3.67,-6.83,29.83,15.17,6.5,8.17,2.83,5.67,-4,1.17,4.67,11,-3.17,-3.17,,,,,,,,,,,,,,,,,-2.17,5.17,-2,-5.33,10.17,4,2.17,4,40,12.67,13.33,14,11.17,4.83,3,3.33,0.33,9.33,-4.83,-4.17,,,,,,,,,,,,,,,,,-6.5,7,-4,-9.5,9.33,5,2.33,2,40.83,18.83,11.17,10.83,-1.17,5.33,-4.67,-1.83,3.67,11,-4.17,-3.17,,,,,,,,,,,,,,,,,,,,,,,,,,,,,,,,,,,,,,,,,,,,,,,,,,,,
BfG Challenge Series - Villa de Leyva 2049,1vs1 B-Boys Adult Top 16 KnockOut,Farex Gangs,York,Farex Gangs,3,5,2,1,8,7,Candy A.,Den Ruffneck,Giova Breakill,Kadoer,Xedo,,,,,-8.83,2.83,-5.83,-5.83,-4,4.33,-4.17,-4.17,-21.33,-6,-9,-6.33,-3.83,2.83,-2.33,-4.33,9.83,4.83,3.17,1.83,,,,,,,,,,,,,,,,,-8,5.5,-6.67,-6.83,4.17,4.33,2.33,-2.5,13,4,5,4,7.5,5.17,2.33,0,7.17,6.67,3.33,-2.83,,,,,,,,,,,,,,,,,-0.17,4.83,-1.5,-3.5,4.33,4.33,2.83,-2.83,-8.17,-1.5,-2.33,-4.33,-1.5,3.67,-3.67,-1.5,7.83,2.5,2.67,2.67,,,,,,,,,,,,,,,,,,,,,,,,,,,,,,,,,,,,,,,,,,,,,,,,,,,,
BfG Challenge Series - Villa de Leyva 2050,1vs1 B-Boys Adult Top 16 KnockOut,York,Ricky Rulez,Ricky Rulez,3,5,0,3,0,15,Candy A.,Den Ruffneck,Giova Breakill,Kadoer,Xedo,,,,,19.33,10.17,3.83,5.33,17.33,4.5,7.5,5.33,26.33,9.67,6.5,10.17,13,5.5,3,4.5,20,10,5.67,4.33,,,,,,,,,,,,,,,,,8.17,0,4.33,3.83,10.5,3,4.67,2.83,25.67,8.67,4.67,12.33,16.67,6,2.33,8.33,17.5,5.5,5,7,,,,,,,,,,,,,,,,,22.67,9.83,5.17,7.67,18,6.67,7.67,3.67,28.67,13,4.83,10.83,24.83,5.17,10.17,9.5,21.33,5.5,9.17,6.67,,,,,,,,,,,,,,,,,,,,,,,,,,,,,,,,,,,,,,,,,,,,,,,,,,,,
BfG Challenge Series - Villa de Leyva 2051,1vs1 B-Boys Adult Top 16 KnockOut,Farex Gangs,Alvin,Alvin,3,5,0,3,1,14,Candy A.,Den Ruffneck,Giova Breakill,Kadoer,Xedo,,,,,5.67,8.5,3.17,-6,17.67,8.17,3.67,5.83,29.83,12.5,8.83,8.5,17.33,10,5.33,2,20.5,10,7,3.5,,,,,,,,,,,,,,,,,-3.5,4,-3,-4.5,0.5,3.5,-1.33,-1.67,13.33,6.5,1.83,5,3.33,5,2.33,-4,9.5,3.33,2.83,3.33,,,,,,,,,,,,,,,,,2.67,5,1.67,-4,10,3.67,3.67,2.67,37.83,14.17,9.83,13.83,5.67,5,3.33,-2.67,32,11.5,10.67,9.83,,,,,,,,,,,,,,,,,,,,,,,,,,,,,,,,,,,,,,,,,,,,,,,,,,,,
BfG Challenge Series - Villa de Leyva 2052,1vs1 B-Boys Adult Top 16 KnockOut,Lil Caoz,York,York,2,5,0,2,3,7,Candy A.,Den Ruffneck,Giova Breakill,Kadoer,Xedo,,,,,14.83,6.33,3.33,5.17,4.5,5.83,1.5,-2.83,10.67,8.33,0,2.33,4.33,-3,4.67,2.67,-3.17,-5.17,5,-3,,,,,,,,,,,,,,,,,-19,-4.67,-9.33,-5,8.67,4.17,2.83,1.67,-11,-5.83,-2.33,-2.83,8.83,-1.5,5.67,4.67,2.67,-1.67,3,1.33,,,,,,,,,,,,,,,,,,,,,,,,,,,,,,,,,,,,,,,,,,,,,,,,,,,,,,,,,,,,,,,,,,,,,,,,,,,,,,,,,,,,,,,,
BfG Challenge Series - Villa de Leyva 2053,1vs1 B-Boys Adult Top 16 KnockOut,Farex Gangs,Jetzo,Farex Gangs,3,5,2,1,6,9,Candy A.,Den Ruffneck,Giova Breakill,Kadoer,Xedo,,,,,-3.83,9.5,-3.5,-9.83,-12.83,-1.5,-5.17,-6.17,-14,-6.17,-3.83,-4,2.17,6.33,2.67,-6.83,3.83,3.83,1.5,-1.5,,,,,,,,,,,,,,,,,14.83,10.5,1.17,3.17,8,3.5,1.83,2.67,12.17,4.33,3.33,4.5,20.17,11.33,5.5,3.33,8.83,4,2.5,2.33,,,,,,,,,,,,,,,,,6.5,7.67,1.17,-2.33,-3.67,0.83,-1.83,-2.67,11.83,8.33,0,3.5,-1.5,3.5,-3.5,-1.5,-0.33,4.17,-2.67,-1.83,,,,,,,,,,,,,,,,,,,,,,,,,,,,,,,,,,,,,,,,,,,,,,,,,,,,
BfG Challenge Series - Villa de Leyva 2054,1vs1 B-Boys Adult Top 16 KnockOut,Ricky Rulez,Pochy,Ricky Rulez,2,5,2,0,10,0,Candy A.,Den Ruffneck,Giova Breakill,Kadoer,Xedo,,,,,-9,-10.5,-3.5,5,-11,-1.5,-4.67,-4.83,-10,-6.67,0,-3.33,-7,-7.33,-3.67,4,-12.67,-3,-6.17,-3.5,,,,,,,,,,,,,,,,,-14.5,-12,-7.5,5,-4.33,1.5,-2,-3.83,-8.33,-6.5,0,-1.83,-12.17,-8.67,-5,1.5,-18.83,-4,-9,-5.83,,,,,,,,,,,,,,,,,,,,,,,,,,,,,,,,,,,,,,,,,,,,,,,,,,,,,,,,,,,,,,,,,,,,,,,,,,,,,,,,,,,,,,,,
BfG Challenge Series - Villa de Leyva 2055,1vs1 B-Boys Adult Top 16 KnockOut,Alvin,Minos,Alvin,2,5,2,0,9,1,Candy A.,Den Ruffneck,Giova Breakill,Kadoer,Xedo,,,,,0,0,0,0,-9.67,-2.83,-8.83,2,-31,-14.83,-10.17,-6,-17.17,-8.17,-6,-3,-26.5,-11.83,-8.17,-6.5,,,,,,,,,,,,,,,,,-24.83,-8.67,-7.5,-8.67,-25,-7,-11.33,-6.67,-18.83,-9.67,-5.83,-3.33,-33,-10.17,-13.67,-9.17,-50.33,-20.83,-17.67,-11.83,,,,,,,,,,,,,,,,,,,,,,,,,,,,,,,,,,,,,,,,,,,,,,,,,,,,,,,,,,,,,,,,,,,,,,,,,,,,,,,,,,,,,,,,
BfG Challenge Series - Villa de Leyva 2056,1vs1 B-Boys Adult Top 16 KnockOut,Pochy,Cano J,Pochy,2,5,2,0,7,3,Candy A.,Den Ruffneck,Giova Breakill,Kadoer,Xedo,,,,,-16.17,-9.17,-3.83,-3.17,-2.33,0,2.33,-4.67,11.5,3.5,4.33,3.67,-5.5,3.5,-3,-6,-23.67,-8.5,-8.83,-6.33,,,,,,,,,,,,,,,,,-5.5,-4.17,0,-1.33,12.17,5.83,3.5,2.83,2.83,2.83,0,0,-4.5,4.5,-4.33,-4.67,-10,-4.33,-1.5,-4.17,,,,,,,,,,,,,,,,,,,,,,,,,,,,,,,,,,,,,,,,,,,,,,,,,,,,,,,,,,,,,,,,,,,,,,,,,,,,,,,,,,,,,,,,
BfG Challenge Series - Villa de Leyva 2057,1vs1 B-Boys Adult Top 16 KnockOut,Minos,Monky,Minos,3,5,2,1,10,5,Candy A.,Den Ruffneck,Giova Breakill,Kadoer,Xedo,,,,,-7,-2.83,-6.33,2.17,-15,-4.33,-7,-3.67,-14,-4.83,-4.17,-5,-4.83,5,-3.17,-6.67,-18.5,-8.33,-4.67,-5.5,,,,,,,,,,,,,,,,,15.83,7.5,2.33,6,17.17,4.17,7.17,5.83,-6,-3,-3,0,0.83,5,-2.33,-1.83,-12.33,-7.33,-2.67,-2.33,,,,,,,,,,,,,,,,,-13.67,-3.83,-7,-2.83,4.33,-3,5.67,1.67,3.83,3.83,0,0,-3.5,1.83,-1.67,-3.67,-9.67,-2.83,-4.33,-2.5,,,,,,,,,,,,,,,,,,,,,,,,,,,,,,,,,,,,,,,,,,,,,,,,,,,,
BfG Challenge Series - Villa de Leyva 2058,1vs1 B-Boys Adult Top 16 KnockOut,Chicken,Lil Caoz,Lil Caoz,3,5,1,2,6,9,Candy A.,Den Ruffneck,Giova Breakill,Kadoer,Xedo,,,,,9.5,5.83,0.83,2.83,15.33,7.5,2.83,5,6.67,6.67,0,0,-5,2.33,-4.17,-3.17,-8.5,-1.67,-3.5,-3.33,,,,,,,,,,,,,,,,,-6.17,-4.33,-3.67,1.83,4.5,0,1.17,3.33,-5.5,-5.5,0,0,-20.83,-5.67,-4.83,-10.33,-1.67,-5.5,2,1.83,,,,,,,,,,,,,,,,,4.17,-2.33,2.83,3.67,10.83,5,2.5,3.33,11.5,8.5,0,3,14.5,5.67,4.33,4.5,9.33,3.33,3.17,2.83,,,,,,,,,,,,,,,,,,,,,,,,,,,,,,,,,,,,,,,,,,,,,,,,,,,,
BfG Challenge Series - Villa de Leyva 2059,1vs1 B-Boys Adult Top 16 KnockOut,Malaver,Jetzo,Jetzo,3,5,1,2,4,11,Candy A.,Den Ruffneck,Giova Breakill,Kadoer,Xedo,,,,,5.83,2.83,-1,4,-12.5,-4,-5.33,-3.17,-17.67,-7.83,-5.5,-4.33,1.83,-5.17,4.67,2.33,-13.83,-6.17,-3.33,-4.33,,,,,,,,,,,,,,,,,4.67,-5.17,5.33,4.5,1,2.5,1.33,-2.83,7.33,4.17,3.17,0,1.83,-5.33,2.83,4.33,1,-5.83,3.5,3.33,,,,,,,,,,,,,,,,,9,4.5,1.17,3.33,-1.67,-2.83,-1.67,2.83,7.5,3,0.33,4.17,1.33,-4,3.5,1.83,4.17,-1.67,2,3.83,,,,,,,,,,,,,,,,,,,,,,,,,,,,,,,,,,,,,,,,,,,,,,,,,,,,
BfG Challenge Series - Villa de Leyva 2060,1vs1 B-Boys Adult Top 16 KnockOut,Pipa,York,York,2,5,0,2,2,8,Candy A.,Den Ruffneck,Giova Breakill,Kadoer,Xedo,,,,,-16.67,-4.33,-5.33,-7,-4.5,2.33,-3.83,-3,7.17,7.5,2.83,-3.17,8.67,-1.5,6,4.17,10.67,3.33,3.33,4,,,,,,,,,,,,,,,,,5.5,3.5,4,-2,6.17,4.33,3.67,-1.83,6.83,4.17,0,2.67,10.5,-2.83,8.17,5.17,10,2.5,4,3.5,,,,,,,,,,,,,,,,,,,,,,,,,,,,,,,,,,,,,,,,,,,,,,,,,,,,,,,,,,,,,,,,,,,,,,,,,,,,,,,,,,,,,,,,
BfG Challenge Series - Villa de Leyva 2061,1vs1 B-Boys Adult Top 16 KnockOut,Angmc,Farex Gangs,Farex Gangs,2,5,0,2,2,8,Candy A.,Den Ruffneck,Giova Breakill,Kadoer,Xedo,,,,,-6.33,-4.83,-3.67,2.17,15,6.5,4.67,3.83,27.83,11.33,9.83,6.67,21.67,5.5,10.17,6,16.67,5.83,3.83,7,,,,,,,,,,,,,,,,,-2.17,-3,-4.33,5.17,3.5,-2.83,2.67,3.67,13.83,3.67,3.33,6.83,18.17,-2.83,12.17,8.83,5.67,-0.83,2.5,4,,,,,,,,,,,,,,,,,,,,,,,,,,,,,,,,,,,,,,,,,,,,,,,,,,,,,,,,,,,,,,,,,,,,,,,,,,,,,,,,,,,,,,,,
BfG Challenge Series - Villa de Leyva 2062,1vs1 B-Boys Adult Top 16 KnockOut,Ricky Rulez,Crespo,Ricky Rulez,2,5,2,0,10,0,Candy A.,Den Ruffneck,Giova Breakill,Kadoer,Xedo,,,,,-16.17,-10.5,-2.83,-2.83,-11.33,-2.67,-4.33,-4.33,-13.67,-5,-3.67,-5,-16.67,-4.67,-8.67,-3.33,-7.5,3.33,-6,-4.83,,,,,,,,,,,,,,,,,-13.5,-5.67,-2.67,-5.17,-16.5,-5.83,-5.83,-4.83,-15,-6,-3.33,-5.67,-4.67,2.33,-8.5,1.5,-13.83,-2.83,-6,-5,,,,,,,,,,,,,,,,,,,,,,,,,,,,,,,,,,,,,,,,,,,,,,,,,,,,,,,,,,,,,,,,,,,,,,,,,,,,,,,,,,,,,,,,
BfG Challenge Series - Villa de Leyva 2063,1vs1 B-Boys Adult Top 16 KnockOut,Alvin,Supa,Alvin,2,5,2,0,10,0,Candy A.,Den Ruffneck,Giova Breakill,Kadoer,Xedo,,,,,-9.17,-9.17,-3.17,3.17,-4.33,-3.83,-3.67,3.17,-20.5,-5.17,-6.5,-8.83,-18.33,-2,-5.83,-10.5,-22,-7.83,-6.67,-7.5,,,,,,,,,,,,,,,,,-22.5,-7.33,-6.5,-8.67,-16.5,-5.33,-7.17,-4,-13.33,-5.67,-2.67,-5,-22.67,-6,-5.5,-11.17,-21.67,-7.17,-6.83,-7.67,,,,,,,,,,,,,,,,,,,,,,,,,,,,,,,,,,,,,,,,,,,,,,,,,,,,,,,,,,,,,,,,,,,,,,,,,,,,,,,,,,,,,,,,
BfG Challenge Series - Villa de Leyva 2064,1vs1 B-Boys Youth Top 8 KnockOut,Brehiman Santiago,Kill Thiago,Kill Thiago,3,5,1,2,4,11,Candy A.,Den Ruffneck,Giova Breakill,Kadoer,Xedo,,,,,-16.17,-5.17,-5.83,-5.17,-4.67,2.83,-5.67,-1.83,26.5,12,6.67,7.83,-1.17,8.5,-4.5,-5.17,-10,3.17,-7.5,-5.67,,,,,,,,,,,,,,,,,10.83,5.67,2,3.17,11.17,5.83,1.83,3.5,22.5,9.67,6.33,6.5,10.83,10,4.67,-3.83,3.17,9.5,-3.67,-2.67,,,,,,,,,,,,,,,,,7.33,0,0,7.33,7,4.5,0,2.5,12,6,2.83,3.17,1.17,6.67,-3,-2.5,0.83,6.17,-2.67,-2.67,,,,,,,,,,,,,,,,,,,,,,,,,,,,,,,,,,,,,,,,,,,,,,,,,,,,
BfG Challenge Series - Villa de Leyva 2065,1vs1 B-Boys Youth Top 8 KnockOut,Tony Rock,Lil machine,Lil machine,3,5,1,2,7,8,Candy A.,Den Ruffneck,Giova Breakill,Kadoer,Xedo,,,,,-8.83,-2.83,-2.33,-3.67,-11.83,-3.67,-4.33,-3.83,-17.5,-8.33,-3,-6.17,1.17,-2.33,-1.67,5.17,-9.5,-3.67,-2.33,-3.5,,,,,,,,,,,,,,,,,-0.17,2.67,-1.33,-1.5,10.33,5.83,0.83,3.67,18,11.67,1.17,5.17,5,5,1.83,-1.83,25.33,13,8.17,4.17,,,,,,,,,,,,,,,,,7.83,6,0,1.83,-1.5,2.83,-2.83,-1.5,-14.83,-6.5,-2.67,-5.67,5.17,0.67,3,1.5,12.5,5.5,2.17,4.83,,,,,,,,,,,,,,,,,,,,,,,,,,,,,,,,,,,,,,,,,,,,,,,,,,,,
BfG Challenge Series - Villa de Leyva 2066,1vs1 B-Boys Youth Top 8 KnockOut,Lil machine,Brehiman Santiago,Brehiman Santiago,3,5,1,2,5,10,Candy A.,Den Ruffneck,Giova Breakill,Kadoer,Xedo,,,,,10.33,1.67,4,4.67,10.5,4,3.17,3.33,8.5,4,1.5,3,4.83,-4.17,2.33,6.67,16,5.17,7.5,3.33,,,,,,,,,,,,,,,,,11.17,3,1.5,6.67,8.5,1.67,4,2.83,-8.67,-6,0,-2.67,3.67,-5,1.5,7.17,-3,-7.83,2.17,2.67,,,,,,,,,,,,,,,,,-1.5,-3.33,-0.5,2.33,1.67,2,-3,2.67,-5.33,-3.5,0,-1.83,3.67,-5,2.67,6,-10.83,-2.83,-9.17,1.17,,,,,,,,,,,,,,,,,,,,,,,,,,,,,,,,,,,,,,,,,,,,,,,,,,,,
BfG Challenge Series - Villa de Leyva 2067,1vs1 B-Boys Youth Top 8 KnockOut,Tony Rock,Kill Thiago,Kill Thiago,3,5,0,3,4,11,Candy A.,Den Ruffneck,Giova Breakill,Kadoer,Xedo,,,,,-4.17,0.83,-2.67,-2.33,1.17,1.5,4,-4.33,14.67,8.83,2.67,3.17,8.83,3.67,2.67,2.5,7,4.33,3.67,-1,,,,,,,,,,,,,,,,,-4.67,-2.5,-4.33,2.17,-13.83,-3.5,-4.67,-5.67,13.67,8.67,1.83,3.17,1.67,1.17,3.67,-3.17,10.83,4.17,4.67,2,,,,,,,,,,,,,,,,,2,1.5,1.67,-1.17,-2,-1.5,2.33,-2.83,9.17,6.5,1.5,1.17,3.83,2.67,-1.83,3,6.83,3.67,1.5,1.67,,,,,,,,,,,,,,,,,,,,,,,,,,,,,,,,,,,,,,,,,,,,,,,,,,,,
BfG Challenge Series - Villa de Leyva 2068,1vs1 B-Boys Youth Top 8 KnockOut,Juan Camilo,Tony Rock,Tony Rock,2,5,0,2,0,10,Candy A.,Den Ruffneck,Giova Breakill,Kadoer,Xedo,,,,,17.83,3,4.33,10.5,12,3.17,6,2.83,15,11.67,0,3.33,15.33,3.17,7.5,4.67,25.17,6.17,13.67,5.33,,,,,,,,,,,,,,,,,5.33,3.17,-2.33,4.5,11.67,3.67,3.83,4.17,17.33,9.33,3,5,13.5,3.5,6.5,3.5,31.17,16.83,8.33,6,,,,,,,,,,,,,,,,,,,,,,,,,,,,,,,,,,,,,,,,,,,,,,,,,,,,,,,,,,,,,,,,,,,,,,,,,,,,,,,,,,,,,,,,
BfG Challenge Series - Villa de Leyva 2069,1vs1 B-Boys Youth Top 8 KnockOut,Lil machine,Leito,Lil machine,3,5,2,1,10,5,Candy A.,Den Ruffneck,Giova Breakill,Kadoer,Xedo,,,,,-4.17,-4.17,-3.17,3.17,-9.83,-2.67,-4.5,-2.67,-13.67,-8.17,-2.33,-3.17,0.83,3.67,-2.17,-0.67,-7,-2.17,-6,1.17,,,,,,,,,,,,,,,,,11.33,3.5,0.83,7,-3.5,-2,-3.5,2,-11.67,-7.17,-1.83,-2.67,1.33,5.83,-2,-2.5,1.33,4.5,-5.5,2.33,,,,,,,,,,,,,,,,,-1.5,-3.67,-2.83,5,-6.17,0,-4,-2.17,2.83,2.83,0,0,-1,4.33,-2.5,-2.83,-4.33,0.83,-6.33,1.17,,,,,,,,,,,,,,,,,,,,,,,,,,,,,,,,,,,,,,,,,,,,,,,,,,,,
BfG Challenge Series - Villa de Leyva 2070,1vs1 B-Boys Youth Top 8 KnockOut,Luffy,Brehiman Santiago,Brehiman Santiago,2,5,0,2,3,7,Candy A.,Den Ruffneck,Giova Breakill,Kadoer,Xedo,,,,,7.83,1.67,2.5,3.67,11.17,2.33,5.67,3.17,11.17,6.5,1.5,3.17,-2.5,-4.83,0,2.33,14.5,3.83,6.33,4.33,,,,,,,,,,,,,,,,,3.17,-3,2.33,3.83,-2.5,-2.83,-2.83,3.17,19.33,5.83,5.17,8.33,-5,-5.33,-1.5,1.83,4.83,-2.5,4,3.33,,,,,,,,,,,,,,,,,,,,,,,,,,,,,,,,,,,,,,,,,,,,,,,,,,,,,,,,,,,,,,,,,,,,,,,,,,,,,,,,,,,,,,,,
BfG Challenge Series - Villa de Leyva 2071,1vs1 B-Boys Youth Top 8 KnockOut,Pipe,Kill Thiago,Kill Thiago,2,5,0,2,0,10,Candy A.,Den Ruffneck,Giova Breakill,Kadoer,Xedo,,,,,3,3,-4,4,6.33,2.33,0,4,27.83,14,4.67,9.17,9.33,3.83,1.5,4,18,9.17,6,2.83,,,,,,,,,,,,,,,,,2.17,3.83,-3.67,2,7.83,2,1.83,4,17.67,10.33,3.33,4,13.5,6,1.83,5.67,17.83,7.5,6.83,3.5,,,,,,,,,,,,,,,,,,,,,,,,,,,,,,,,,,,,,,,,,,,,,,,,,,,,,,,,,,,,,,,,,,,,,,,,,,,,,,,,,,,,,,,,
WDSF BfG International Series - Montreal 2023,1vs1 B-Girls Adult Top 16 KnockOut,Riko,Ayane,Riko,3,7,2,1,13,8,Aya,Boobjester,Dvir,Kujo,Nacera,Octopus,TheNext ONE,,,-7.33,-0.67,-3.33,-3.33,-10,-9.33,-5.67,5,-14.33,-7.67,2.67,-9.33,0.33,-2.33,4,-1.33,-2,-2,0,0,2.33,3,-2.67,2,-2,-1,-0.67,-0.33,,,,,,,,,-0.67,2,-1,-1.67,-14.33,-5.33,-12,3,-12.33,-8.67,5,-8.67,6.67,2.67,2.67,1.33,-1.33,-1.33,0,0,-6.67,-3.67,-3,0,-2.33,-1,-0.67,-0.67,,,,,,,,,6,2.67,1,2.33,-3.67,-3.33,-7,6.67,16.33,10.33,-4.33,10.33,18,8.33,5.33,4.33,1.67,1.67,0,0,8.67,3,2.67,3,-0.67,-0.33,-0.67,0.33,,,,,,,,,,,,,,,,,,,,,,,,,,,,,,,,,,,,,,,,,,,,
WDSF BfG International Series - Montreal 2024,1vs1 B-Girls Adult Top 16 KnockOut,Fresh Bella,Swami,Fresh Bella,3,7,3,0,19,2,Aya,Boobjester,Dvir,Kujo,Nacera,Octopus,TheNext ONE,,,-9.33,-3,-3,-3.33,-9,-4.67,-6.67,2.33,-12,-11.33,8,-8.67,-0.67,-2,3,-1.67,-2.33,-2.33,0,0,-0.33,3.33,-3.67,0,-0.33,0.33,-0.33,-0.33,,,,,,,,,-1.33,-2.33,-1.67,2.67,-25,-8.67,-10.33,-6,-17.67,2,-10,-9.67,-5,-0.67,-1.67,-2.67,-1.67,-1.67,0,0,-8,-2.67,-3,-2.33,0.67,0,0.33,0.33,,,,,,,,,7,2,2.33,2.67,-18.67,-6,-5,-7.67,-25.67,-6.33,-9,-10.33,-4,-1.67,0,-2.33,-2.33,-2.33,0,0,-5,1,-2,-4,-1.33,-0.67,-0.67,0,,,,,,,,,,,,,,,,,,,,,,,,,,,,,,,,,,,,,,,,,,,,
WDSF BfG International Series - Montreal 2025,1vs1 B-Girls Adult Top 16 KnockOut,Riko,Swami,Riko,2,7,2,0,10,4,Aya,Boobjester,Dvir,Kujo,Nacera,Octopus,TheNext ONE,,,-9.33,-3,-3.67,-2.67,-19.33,-6.33,-9.33,-3.67,-12.33,-11.33,-8.33,7.33,-22,-6.33,-7.67,-8,-2.67,-2.67,0,0,2,2.67,-2.67,2,0.33,0.67,-0.33,0,,,,,,,,,7.67,2,2.33,3.33,-22,-6.33,-11.67,-4,-13,-10,5,-8,-3.67,-3.67,0,0,-1.67,-1.67,0,0,-5,-4.33,-3.33,2.67,1,0.33,0,0.67,,,,,,,,,,,,,,,,,,,,,,,,,,,,,,,,,,,,,,,,,,,,,,,,,,,,,,,,,,,,,,,,,,,,,,,,,,,,,,,,
WDSF BfG International Series - Montreal 2026,1vs1 B-Girls Adult Top 16 KnockOut,Fresh Bella,Ayane,Ayane,2,7,0,2,4,10,Aya,Boobjester,Dvir,Kujo,Nacera,Octopus,TheNext ONE,,,9.33,3.67,2.67,3,10,9,-4,5,36,17,8,11,8.67,3,2.33,3.33,-2.33,-2.33,0,0,-2.33,3.33,-3,-2.67,1,1.33,0,-0.33,,,,,,,,,5,1.67,2.33,1,25,11,3.33,10.67,16.33,11,9.67,-4.33,6.67,2,2.33,2.33,-1.33,0,-1.33,0,8.33,4.67,0,3.67,-1,0,-0.67,-0.33,,,,,,,,,,,,,,,,,,,,,,,,,,,,,,,,,,,,,,,,,,,,,,,,,,,,,,,,,,,,,,,,,,,,,,,,,,,,,,,,
WDSF BfG International Series - Montreal 2027,1vs1 B-Girls Adult Top 16 KnockOut,Swami,Konatsu,Swami,2,7,2,0,12,2,Aya,Boobjester,Dvir,Kujo,Nacera,Octopus,TheNext ONE,,,-6.67,-2.33,-1.67,-2.67,-3.33,-5,6.33,-4.67,-19,-12.67,-12,5.67,-1.33,0,1.67,-3,-2.33,-2.33,0,0,-4.33,-4.33,0,0,-0.67,0,-0.67,0,,,,,,,,,-4.67,-1,-1.67,-2,-6.33,-7,4.67,-4,-10.33,-7.67,4.33,-7,4,4,0,0,-1.33,-1.33,0,0,-1,-3.33,0,2.33,0.33,0.33,0.67,-0.67,,,,,,,,,,,,,,,,,,,,,,,,,,,,,,,,,,,,,,,,,,,,,,,,,,,,,,,,,,,,,,,,,,,,,,,,,,,,,,,,
WDSF BfG International Series - Montreal 2028,1vs1 B-Girls Adult Top 16 KnockOut,Riko,Honokaa,Riko,2,7,2,0,12,2,Aya,Boobjester,Dvir,Kujo,Nacera,Octopus,TheNext ONE,,,-8.67,-2.33,-1.67,-4.67,-22,-10,-6.67,-5.33,-14.67,-13.67,-6,5,-7,-3.33,0,-3.67,-2.67,-2.67,0,0,-3.67,-7.33,0,3.67,-1,-1,-0.67,0.67,,,,,,,,,-0.67,-1.67,-1.33,2.33,12.67,4.67,4.67,3.33,-15.33,-13,5,-7.33,-3.67,-2,0,-1.67,-2.67,-2.67,0,0,3,-3.33,2.33,4,-0.67,-0.67,-0.33,0.33,,,,,,,,,,,,,,,,,,,,,,,,,,,,,,,,,,,,,,,,,,,,,,,,,,,,,,,,,,,,,,,,,,,,,,,,,,,,,,,,
WDSF BfG International Series - Montreal 2029,1vs1 B-Girls Adult Top 16 KnockOut,Emma,Fresh Bella,Fresh Bella,2,7,0,2,4,10,Aya,Boobjester,Dvir,Kujo,Nacera,Octopus,TheNext ONE,,,-7.33,-1.67,-2,-3.67,22.33,10.67,6.67,5,38.33,13,12.67,12.67,7,2.33,2.67,2,4,2,2,0,4,3.67,4.33,-4,1.33,0.33,0.67,0.33,,,,,,,,,-3.33,-2,1.67,-3,-1,-5.33,7,-2.67,21.33,14.33,-4.67,11.67,15.33,3,7,5.33,2.67,2.67,0,0,-2.67,0,0,-2.67,1,0.67,0.67,-0.33,,,,,,,,,,,,,,,,,,,,,,,,,,,,,,,,,,,,,,,,,,,,,,,,,,,,,,,,,,,,,,,,,,,,,,,,,,,,,,,,
WDSF BfG International Series - Montreal 2030,1vs1 B-Girls Adult Top 16 KnockOut,Ayane,Sarah Bee,Ayane,2,7,2,0,10,4,Aya,Boobjester,Dvir,Kujo,Nacera,Octopus,TheNext ONE,,,4.33,1,1,2.33,-4,-7.67,-3.67,7.33,19,-4.33,12,11.33,-1,-2.33,4.33,-3,-2,-2,0,0,3.33,-3.33,4,2.67,-0.33,-0.67,0,0.33,,,,,,,,,-2.67,-2.67,-2.33,2.33,-4,-6.33,-3.67,6,14,-6.67,10.67,10,-2.67,-4.33,3.33,-1.67,-1.33,-1.33,0,0,-2.67,-3.67,1,0,-1,-0.67,-0.33,0,,,,,,,,,,,,,,,,,,,,,,,,,,,,,,,,,,,,,,,,,,,,,,,,,,,,,,,,,,,,,,,,,,,,,,,,,,,,,,,,
WDSF BfG International Series - Montreal 2031,1vs1 B-Girls Adult Top 16 KnockOut,Logistx,Konatsu,Konatsu,2,7,0,2,0,14,Aya,Boobjester,Dvir,Kujo,Nacera,Octopus,TheNext ONE,,,17.67,5.67,4.67,7.33,38,13.67,9.67,14.67,34.67,13,11,10.67,5.33,5.33,0,0,3,3,0,0,14,3.67,4.67,5.67,10,3.33,4,2.67,,,,,,,,,12.33,2,4.67,5.67,35.33,12.67,10.67,12,41.33,12.67,13.33,15.33,8.33,0,8.33,0,2.33,2.33,0,0,9,2,3,4,9.67,3.33,3.67,2.67,,,,,,,,,,,,,,,,,,,,,,,,,,,,,,,,,,,,,,,,,,,,,,,,,,,,,,,,,,,,,,,,,,,,,,,,,,,,,,,,
WDSF BfG International Series - Montreal 2032,1vs1 B-Girls Adult Top 16 KnockOut,Riko,Yuika,Riko,2,7,2,0,11,3,Aya,Boobjester,Dvir,Kujo,Nacera,Octopus,TheNext ONE,,,-8.67,-3,-2.67,-3,18,9.33,4.67,4,-0.33,-2,3.33,-1.67,-19.67,-3,-9.33,-7.33,-2,-2,0,0,-7.67,-4,-3.67,0,-1.33,-1,0,-0.33,,,,,,,,,-2,-1.67,-2.33,2,11.67,11.67,-4.67,4.67,12.67,11,4.67,-3,-1.67,4,-2.67,-3,-2.33,-1.33,-1,0,-6,-2.67,-3.33,0,-1,0,-0.67,-0.33,,,,,,,,,,,,,,,,,,,,,,,,,,,,,,,,,,,,,,,,,,,,,,,,,,,,,,,,,,,,,,,,,,,,,,,,,,,,,,,,
WDSF BfG International Series - Montreal 2033,1vs1 B-Girls Adult Top 16 KnockOut,Madmax,Swami,Swami,3,7,1,2,12,9,Aya,Boobjester,Dvir,Kujo,Nacera,Octopus,TheNext ONE,,,-8.67,-3.33,-3,-2.33,-1,10.67,-8.33,-3.33,-6.67,-7,7,-6.67,-9,3.67,-4.67,-8,-1.33,0,-1.33,0,-11,-3.67,-3.33,-4,0.33,0.33,0.33,-0.33,,,,,,,,,8,2.67,2.33,3,-16.33,-6,-4.67,-5.67,6.33,6,-5.67,6,2,4.67,-2.67,0,-3,0,-1.33,-1.67,-4.33,3.67,-4,-4,2,1,1,0,,,,,,,,,2.33,2.67,2.67,-3,-14.67,-3.33,-7.67,-3.67,2,8.33,-7.33,1,-12,-3,-1.67,-7.33,2.33,2.33,0,0,-6,2.33,-4,-4.33,0.33,0.67,-0.33,0,,,,,,,,,,,,,,,,,,,,,,,,,,,,,,,,,,,,,,,,,,,,
WDSF BfG International Series - Montreal 2034,1vs1 B-Girls Adult Top 16 KnockOut,Honokaa,Yuina,Honokaa,3,7,2,1,11,10,Aya,Boobjester,Dvir,Kujo,Nacera,Octopus,TheNext ONE,,,10.67,4,3.67,3,-14,-7.67,-3.67,-2.67,-14,-9.67,-8.33,4,-5,0,-2.67,-2.33,-2,0,-2,0,-1,3.33,0,-4.33,-2.33,-1,-0.67,-0.67,,,,,,,,,9.67,3.33,3.33,3,7.67,7.33,-5.67,6,36,15.67,7.33,13,3,3,0,0,1.67,1.67,0,0,0.33,3,1,-3.67,-1.33,0,-0.67,-0.67,,,,,,,,,8.33,2.67,3.33,2.33,-23.67,-8.67,-6.67,-8.33,16,12.33,-4.67,8.33,3.67,3.67,-2,2,-3.67,0,-2,-1.67,-8.67,0,-4.33,-4.33,-0.67,0,-0.67,0,,,,,,,,,,,,,,,,,,,,,,,,,,,,,,,,,,,,,,,,,,,,
WDSF BfG International Series - Montreal 2035,1vs1 B-Girls Adult Top 16 KnockOut,Emma,La Vix,Emma,3,7,2,1,12,9,Aya,Boobjester,Dvir,Kujo,Nacera,Octopus,TheNext ONE,,,-8,-3,-2.67,-2.33,-19,-7,-5.67,-6.33,-14,-11.33,6.67,-9.33,-1,3,-1.67,-2.33,2.33,2.33,0,0,-6,-4,0,-2,0.33,0.33,0.33,-0.33,,,,,,,,,-2.33,-2.33,3,-3,1.67,-4,10,-4.33,36.67,9.67,13.67,13.33,11.33,4,4,3.33,1.67,0,1.67,0,6.33,3,1.33,2,1,0.67,0.33,0,,,,,,,,,-10.67,-3,-3.33,-4.33,-22,-5,-8.33,-8.67,-9.33,-8,4.67,-6,-2.33,-1,-1.33,0,2,0,2,0,-8,-3,-3,-2,-1.67,-0.33,-0.67,-0.67,,,,,,,,,,,,,,,,,,,,,,,,,,,,,,,,,,,,,,,,,,,,
WDSF BfG International Series - Montreal 2036,1vs1 B-Girls Adult Top 16 KnockOut,Fresh Bella,Chura,Fresh Bella,2,7,2,0,11,3,Aya,Boobjester,Dvir,Kujo,Nacera,Octopus,TheNext ONE,,,-3,-1.67,-2.33,1,-20,-6.67,-6.67,-6.67,7.33,8.33,-6.33,5.33,-11.67,-1,-4.67,-6,2,2,0,0,-8,0,-4.33,-3.67,-0.33,0.67,-0.67,-0.33,,,,,,,,,1.33,2,-3,2.33,-8.33,4.33,-8,-4.67,-13,-8.67,-8.67,4.33,-9,-1.33,-4,-3.67,-1.67,0,-1.67,0,-5.33,0,-2.67,-2.67,-0.33,0.33,-0.33,-0.33,,,,,,,,,,,,,,,,,,,,,,,,,,,,,,,,,,,,,,,,,,,,,,,,,,,,,,,,,,,,,,,,,,,,,,,,,,,,,,,,
WDSF BfG International Series - Montreal 2037,1vs1 B-Girls Adult Top 16 KnockOut,Sarah Bee,Starry,Sarah Bee,3,7,2,1,10,11,Aya,Boobjester,Dvir,Kujo,Nacera,Octopus,TheNext ONE,,,5.33,1.67,2,1.67,-12.67,-9.67,4,-7,13,11.33,-4.67,6.33,2.33,3,-2,1.33,1.67,-0.33,2,0,-2.67,2.67,-3.33,-2,0.33,0.67,-0.33,0,,,,,,,,,7,2.67,2.67,1.67,-7,-7.33,5.67,-5.33,27,10.67,9.33,7,-0.67,3,-1.67,-2,1.67,1.67,0,0,-2.67,-2.67,3.33,-3.33,-0.67,0,-0.33,-0.33,,,,,,,,,-2.67,-2.67,1.67,-1.67,3,5.67,4.67,-7.33,-18,-7,-7.33,-3.67,-8.33,-2.67,-2.67,-3,1.33,1.33,0,0,1.67,2,1,-1.33,-0.67,-0.33,-0.33,0,,,,,,,,,,,,,,,,,,,,,,,,,,,,,,,,,,,,,,,,,,,,
WDSF BfG International Series - Montreal 2038,1vs1 B-Girls Adult Top 16 KnockOut,Camine,Ayane,Ayane,2,7,0,2,4,10,Aya,Boobjester,Dvir,Kujo,Nacera,Octopus,TheNext ONE,,,10.67,3.67,3.33,3.67,24.33,12.33,6,6,-4.67,8.33,-5.67,-7.33,4.33,2.33,0,2,3.67,1.67,2,0,0.67,3.33,-2.67,0,0.67,0.67,0,0,,,,,,,,,-7,-2.33,-2.67,-2,28.67,14.67,7.67,6.33,-4.33,9.33,-8,-5.67,7.33,3.67,0,3.67,1.33,0,0,1.33,-7.67,-2.67,-3,-2,1.33,1,0.33,0,,,,,,,,,,,,,,,,,,,,,,,,,,,,,,,,,,,,,,,,,,,,,,,,,,,,,,,,,,,,,,,,,,,,,,,,,,,,,,,,
WDSF BfG International Series - Montreal 2039,1vs1 B-Girls Adult Top 32 PreQualifier,Jilou,Konatsu,Konatsu,2,7,1,1,6,8,Aya,Boobjester,Dvir,Kujo,Nacera,Octopus,TheNext ONE,,,5.33,3.67,3.67,-2,16.33,15,5.67,-4.33,16,11,-2,7,4,3.33,1.67,-1,-1.67,-1.67,0,0,-3.67,-3,-3.33,2.67,3,2,1,0,,,,,,,,,-6.33,-3.33,-4.33,1.33,16.33,12.33,0,4,30.67,13.67,4.67,12.33,-0.33,2.33,0,-2.67,-0.67,-0.67,0,0,-0.67,-0.67,-3,3,2,1,0.67,0.33,,,,,,,,,,,,,,,,,,,,,,,,,,,,,,,,,,,,,,,,,,,,,,,,,,,,,,,,,,,,,,,,,,,,,,,,,,,,,,,,
WDSF BfG International Series - Montreal 2040,1vs1 B-Girls Adult Top 32 PreQualifier,Camine,Paulina,Camine,2,7,2,0,10,4,Aya,Boobjester,Dvir,Kujo,Nacera,Octopus,TheNext ONE,,,-3.67,-2.67,-3.67,2.67,-11.67,1.67,-7.33,-6,6,3.33,0,2.67,-3.67,-2.33,1,-2.33,1.33,0,1.33,0,14.33,4.33,4.33,5.67,-1,-1,-0.33,0.33,,,,,,,,,-2.67,-4.33,-3,4.67,-3,7,-4.67,-5.33,-22.67,-12,-12,1.33,-5,-1,-2.67,-1.33,1,0,0,1,-4,-3.33,-3,2.33,-0.33,0,-0.33,0,,,,,,,,,,,,,,,,,,,,,,,,,,,,,,,,,,,,,,,,,,,,,,,,,,,,,,,,,,,,,,,,,,,,,,,,,,,,,,,,
WDSF BfG International Series - Montreal 2041,1vs1 B-Girls Adult Top 32 PreQualifier,Swami,Pebblz Luv,Swami,2,7,2,0,13,1,Aya,Boobjester,Dvir,Kujo,Nacera,Octopus,TheNext ONE,,,-12,-2.67,-4.67,-4.67,-14,-3.33,-6,-4.67,-19.67,-6.67,-3.33,-9.67,2.33,2.33,-2.33,2.33,-1.67,-1.67,0,0,-6.33,-4,-1.67,-0.67,-0.67,0.33,-0.67,-0.33,,,,,,,,,-7.33,-5,1,-3.33,-8.33,-9.33,-3,4,-17,-5.67,-4,-7.33,-3.67,-3.67,0,0,-1.33,-1.33,0,0,-4.33,-3.33,-2.67,1.67,-0.67,-0.33,-0.33,0,,,,,,,,,,,,,,,,,,,,,,,,,,,,,,,,,,,,,,,,,,,,,,,,,,,,,,,,,,,,,,,,,,,,,,,,,,,,,,,,
WDSF BfG International Series - Montreal 2042,1vs1 B-Girls Adult Top 32 PreQualifier,Kami,Honokaa,Honokaa,2,7,0,2,0,14,Aya,Boobjester,Dvir,Kujo,Nacera,Octopus,TheNext ONE,,,13,4.67,4.67,3.67,6.33,10.33,3,-7,19,14.33,-2.67,7.33,2.67,2.67,0,0,1.33,1.33,0,0,6,3.33,0,2.67,2.67,1.33,1.33,0,,,,,,,,,3.33,4.33,2.67,-3.67,5.33,8,3.33,-6,38.67,13.67,11,14,5.33,3,2.33,0,2.33,1.33,0,1,8.67,3,3,2.67,1.33,1.33,0,0,,,,,,,,,,,,,,,,,,,,,,,,,,,,,,,,,,,,,,,,,,,,,,,,,,,,,,,,,,,,,,,,,,,,,,,,,,,,,,,,
WDSF BfG International Series - Montreal 2043,1vs1 B-Girls Adult Top 32 PreQualifier,B-Nice,Chura,Chura,2,7,0,2,0,14,Aya,Boobjester,Dvir,Kujo,Nacera,Octopus,TheNext ONE,,,13.67,5.33,4,4.33,13.33,13.33,-2,2,31.33,14.67,11,5.67,32.33,11.67,11,9.67,3,2.67,0,0.33,4,4,0,0,3,2.33,0.67,0,,,,,,,,,15,5,5,5,23,12,3.67,7.33,30,13.67,5.67,10.67,15.67,7.33,2.33,6,2,1.33,0,0.67,6.33,2.33,1.67,2.33,3,0.33,1.67,1,,,,,,,,,,,,,,,,,,,,,,,,,,,,,,,,,,,,,,,,,,,,,,,,,,,,,,,,,,,,,,,,,,,,,,,,,,,,,,,,
WDSF BfG International Series - Montreal 2044,1vs1 B-Girls Adult Top 32 PreQualifier,Lady Banan,Yuina,Yuina,2,7,0,2,3,11,Aya,Boobjester,Dvir,Kujo,Nacera,Octopus,TheNext ONE,,,14.67,5,4.67,5,28.33,13.67,5.67,9,19,9.33,6.67,3,-0.67,4.67,-3.67,-1.67,1,1,0,0,0.33,2.33,-3.33,1.33,3,3,0.33,-0.33,,,,,,,,,7,5.33,-3.33,5,4,8,-9,5,17.67,15,-3,5.67,-3.33,5,-2.67,-5.67,1,1,0,0,-5.33,0,-3,-2.33,1.67,1,0.33,0.33,,,,,,,,,,,,,,,,,,,,,,,,,,,,,,,,,,,,,,,,,,,,,,,,,,,,,,,,,,,,,,,,,,,,,,,,,,,,,,,,
WDSF BfG International Series - Montreal 2045,1vs1 B-Girls Adult Top 32 PreQualifier,Pep-C,Fresh Bella,Fresh Bella,2,7,1,1,5,9,Aya,Boobjester,Dvir,Kujo,Nacera,Octopus,TheNext ONE,,,4.67,3.33,3.67,-2.33,15.33,15.67,3.67,-4,24.67,12.33,3.67,8.67,5.67,3,4.33,-1.67,2,0.67,0,1.33,1.67,0,4,-2.33,1.33,2,-0.67,0,,,,,,,,,-11.67,-2.33,-3.67,-5.67,-19.33,0,-6,-13.33,6.67,7.33,3.33,-4,-0.33,2.67,-0.33,-2.67,1.67,1.67,0,0,-5.67,-3,0,-2.67,-2.33,0.33,-1.33,-1.33,,,,,,,,,,,,,,,,,,,,,,,,,,,,,,,,,,,,,,,,,,,,,,,,,,,,,,,,,,,,,,,,,,,,,,,,,,,,,,,,
WDSF BfG International Series - Montreal 2046,1vs1 B-Girls Adult Top 32 PreQualifier,Shortbread,Sarah Bee,Sarah Bee,2,7,0,2,0,14,Aya,Boobjester,Dvir,Kujo,Nacera,Octopus,TheNext ONE,,,13,4.67,5.33,3,23,11.33,3.67,8,13,7.67,-2,7.33,6.67,0,3.33,3.33,1.67,1.67,0,0,8.67,3,3,2.67,1.33,1,0,0.33,,,,,,,,,10.33,4.33,3.33,2.67,22.33,10.33,4.33,7.67,12.67,4.33,5,3.33,12.67,3,6,3.67,2.33,2.33,0,0,10.33,3.33,3.67,3.33,1,0,0.67,0.33,,,,,,,,,,,,,,,,,,,,,,,,,,,,,,,,,,,,,,,,,,,,,,,,,,,,,,,,,,,,,,,,,,,,,,,,,,,,,,,,
WDSF BfG International Series - Montreal 2047,1vs1 B-Girls Adult Top 32 PreQualifier,Yell,Emma,Emma,2,7,0,2,1,13,Aya,Boobjester,Dvir,Kujo,Nacera,Octopus,TheNext ONE,,,10,3.67,4,2.33,22,12.33,4.33,5.33,21,7.67,4.67,8.67,5.33,-1.33,4.33,2.33,1.67,1.67,0,0,8.33,3,2.33,3,0.33,0,-0.33,0.67,,,,,,,,,10.33,4,3.67,2.67,0.67,-3,5.67,-2,7.67,4,-2.67,6.33,2.33,-2,2.33,2,1.33,0,1.33,0,1,-4.33,2.33,3,-1,-0.33,-0.67,0,,,,,,,,,,,,,,,,,,,,,,,,,,,,,,,,,,,,,,,,,,,,,,,,,,,,,,,,,,,,,,,,,,,,,,,,,,,,,,,,
WDSF BfG International Series - Montreal 2048,1vs1 B-Girls Adult Top 32 PreQualifier,Jia Li,Madmax,Madmax,2,7,0,2,2,12,Aya,Boobjester,Dvir,Kujo,Nacera,Octopus,TheNext ONE,,,11.33,4.67,2.67,4,25.33,13.67,3.33,8.33,-6.33,4.67,-4.33,-6.67,25.67,8.33,8.67,8.67,2.67,1,0,1.67,14.67,4.67,4.67,5.33,1,1,0.33,-0.33,,,,,,,,,12.67,5,3.67,4,22.33,15.67,6.67,0,8,6,-3,5,24.67,7.67,8,9,2,1.33,0,0.67,10.67,4,3.67,3,-0.33,0,0,-0.33,,,,,,,,,,,,,,,,,,,,,,,,,,,,,,,,,,,,,,,,,,,,,,,,,,,,,,,,,,,,,,,,,,,,,,,,,,,,,,,,
WDSF BfG International Series - Montreal 2049,1vs1 B-Girls Adult Top 32 PreQualifier,Monse,Logistx,Logistx,2,7,0,2,0,14,Aya,Boobjester,Dvir,Kujo,Nacera,Octopus,TheNext ONE,,,13,5.67,4,3.33,24.33,12.33,4.33,7.67,58,20.33,17.33,20.33,21.67,9.33,4.67,7.67,2.67,1,1,0.67,7.67,4.67,0,3,5,3.33,0,1.67,,,,,,,,,15,6,4.33,4.67,30.33,16.67,4.33,9.33,49.33,15,19.33,15,19.33,7.33,6,6,3.33,2.33,0,1,4,1.67,0,2.33,2.33,1.67,-0.67,1.33,,,,,,,,,,,,,,,,,,,,,,,,,,,,,,,,,,,,,,,,,,,,,,,,,,,,,,,,,,,,,,,,,,,,,,,,,,,,,,,,
WDSF BfG International Series - Montreal 2050,1vs1 B-Girls Adult Top 32 PreQualifier,SashaFox,Riko,Riko,2,7,0,2,0,14,Aya,Boobjester,Dvir,Kujo,Nacera,Octopus,TheNext ONE,,,7,4.67,-1.33,3.67,20.33,15,-1.33,6.67,17.33,13,-2.67,7,15,7.33,1.67,6,2.67,1.67,0,1,8,4.67,1.33,2,3.67,2.33,1.33,0,,,,,,,,,10,3,3.67,3.33,19.33,15,-2.33,6.67,31.33,12.67,6.33,12.33,21.33,11,6.67,3.67,1.67,0.33,0.33,1,7.33,2.33,2.33,2.67,2.67,1.67,0.67,0.33,,,,,,,,,,,,,,,,,,,,,,,,,,,,,,,,,,,,,,,,,,,,,,,,,,,,,,,,,,,,,,,,,,,,,,,,,,,,,,,,
WDSF BfG International Series - Montreal 2051,1vs1 B-Girls Adult Top 32 PreQualifier,Lua,Ayane,Ayane,2,7,0,2,0,14,Aya,Boobjester,Dvir,Kujo,Nacera,Octopus,TheNext ONE,,,12,5,1.67,5.33,18.33,12.33,0,6,42,10.33,16.67,15,21.33,7,6.67,7.67,0.67,0.67,0,0,5.33,2.67,0,2.67,1.33,1,0.33,0,,,,,,,,,12.67,4.33,4.67,3.67,31.33,15,5.33,11,33,14,8.33,10.67,28,10.33,8,9.67,2,1,0,1,2.33,2,-2.33,2.67,0.67,0,0.67,0,,,,,,,,,,,,,,,,,,,,,,,,,,,,,,,,,,,,,,,,,,,,,,,,,,,,,,,,,,,,,,,,,,,,,,,,,,,,,,,,
WDSF BfG International Series - Montreal 2052,1vs1 B-Girls Adult Top 32 PreQualifier,Eru,Yuika,Yuika,2,7,0,2,3,11,Aya,Boobjester,Dvir,Kujo,Nacera,Octopus,TheNext ONE,,,5.33,4,4,-2.67,15.33,9,2.33,4,-12.33,-0.67,-5,-6.67,11.67,6.33,3,2.33,1.67,1.67,0,0,-5.33,1.67,-4,-3,-1,-0.67,-0.33,0,,,,,,,,,13.67,4.67,4.33,4.67,3.67,5,-4.33,3,4.67,5,-5,4.67,16.33,5.67,5.67,5,2.33,2.33,0,0,4,6,-2.67,0.67,1.33,1,0.33,0,,,,,,,,,,,,,,,,,,,,,,,,,,,,,,,,,,,,,,,,,,,,,,,,,,,,,,,,,,,,,,,,,,,,,,,,,,,,,,,,
WDSF BfG International Series - Montreal 2053,1vs1 B-Girls Adult Top 32 PreQualifier,Snap1,La Vix,La Vix,2,7,0,2,2,12,Aya,Boobjester,Dvir,Kujo,Nacera,Octopus,TheNext ONE,,,12.67,4,4,4.67,15,12.67,5.33,-3,27.67,10,4,13.67,10.67,0,6,4.67,1,0,1,0,9,4,2.67,2.33,-0.33,-1,0.67,0,,,,,,,,,14.67,5,4.67,5,9.33,10.33,3.33,-4.33,31,11.67,15,4.33,12.67,0.67,6,6,-2.67,-2.67,0,0,10,3.33,3.33,3.33,1.67,0,0.67,1,,,,,,,,,,,,,,,,,,,,,,,,,,,,,,,,,,,,,,,,,,,,,,,,,,,,,,,,,,,,,,,,,,,,,,,,,,,,,,,,
WDSF BfG International Series - Montreal 2054,1vs1 B-Girls Adult Top 32 PreQualifier,Starry,Alicia Anais,Starry,2,7,2,0,12,2,Aya,Boobjester,Dvir,Kujo,Nacera,Octopus,TheNext ONE,,,-13.67,-4,-5,-4.67,23.67,11.67,4,8,-1.33,-5.67,7.33,-3,-3.67,-3,2,-2.67,-4.33,-2.33,-2,0,-4,-3.33,2,-2.67,-2,-1,-0.67,-0.33,,,,,,,,,-11.33,-5.33,-2.67,-3.33,-25.33,-11,-7.67,-6.67,24,-4.33,14.67,13.67,-11.67,-5,-1.67,-5,-3.67,-1.67,0,-2,-9.67,-3.67,-2.67,-3.33,-1,-0.67,-0.67,0.33,,,,,,,,,,,,,,,,,,,,,,,,,,,,,,,,,,,,,,,,,,,,,,,,,,,,,,,,,,,,,,,,,,,,,,,,,,,,,,,,
WDSF BfG International Series - Montreal 2055,1vs1 B-Boys Adult Top 16 KnockOut,Wing,Mass,Wing,3,7,3,0,15,6,Aya,Boobjester,Dvir,Kujo,Nacera,Octopus,TheNext ONE,,,-4.33,-4.33,-2.33,2.33,-14.67,-5.33,-14,4.67,-28,-2,-12.67,-13.33,-11,-1,-5,-5,1.33,1.33,0,0,-15.67,-5.33,-4.67,-5.67,-1,0,-0.67,-0.33,,,,,,,,,-11.67,-4,-3.33,-4.33,-12.33,-4,-11.33,3,-24,3.33,-12.33,-15,-11.67,-2.33,-3.67,-5.67,1.33,0,1.33,0,-3,3.67,-3.33,-3.33,0.33,0.33,0.33,-0.33,,,,,,,,,-7,-2.33,-2,-2.67,22.33,4.33,12.33,5.67,-22.67,-15.33,-9.67,2.33,-9.67,-4,-3.67,-2,1.67,0,1.67,0,-0.67,4,-3.33,-1.33,1.33,0.33,0.67,0.33,,,,,,,,,,,,,,,,,,,,,,,,,,,,,,,,,,,,,,,,,,,,
WDSF BfG International Series - Montreal 2056,1vs1 B-Boys Adult Top 16 KnockOut,Quake,Hiro10,Hiro10,3,7,0,3,2,19,Aya,Boobjester,Dvir,Kujo,Nacera,Octopus,TheNext ONE,,,8.33,2.67,3,2.67,22,10.67,6.33,5,5.67,-19,12,12.67,7.33,4.33,0,3,2.33,2.33,0,0,3,4.67,-1.67,0,0.67,1.33,-0.67,0,,,,,,,,,2.33,2.33,2.67,-2.67,8.33,8.33,4.33,-4.33,-14.33,14,-15,-13.33,9.67,3.33,1.67,4.67,3,3,0,0,-0.33,3.33,-3.67,0,1.67,0.67,0.33,0.67,,,,,,,,,7.67,2.67,2.33,2.67,22.33,13,5.67,3.67,27,18.33,-5.67,14.33,1,5,0,-4,1.67,1.67,0,0,4,4,-2.33,2.33,2,1.67,0,0.33,,,,,,,,,,,,,,,,,,,,,,,,,,,,,,,,,,,,,,,,,,,,
WDSF BfG International Series - Montreal 2057,1vs1 B-Boys Adult Top 16 KnockOut,Quake,Mass,Mass,3,7,1,2,12,9,Aya,Boobjester,Dvir,Kujo,Nacera,Octopus,TheNext ONE,,,-6.33,-2.33,-2.33,-1.67,-3.33,-6,-3,5.67,-19.33,4,-9.67,-13.67,-5,-2.33,-2.67,0,-2,-2,0,0,-11.67,-4,-4,-3.67,0.33,-0.67,0.33,0.67,,,,,,,,,8.67,3.33,1.67,3.67,18.67,3,9.67,6,9,7.67,9,-7.67,-5,-1.67,-1.67,-1.67,-1.67,0,-1.67,0,-10,-3,-3.67,-3.33,0.33,-0.33,0.33,0.33,,,,,,,,,5.33,-0.67,3.33,2.67,22,4,11.33,6.67,-12,7.67,-9.33,-10.33,4.33,0,4.33,0,-2,-2,0,0,7.33,3,1.67,2.67,-0.67,-0.67,0,0,,,,,,,,,,,,,,,,,,,,,,,,,,,,,,,,,,,,,,,,,,,,
WDSF BfG International Series - Montreal 2058,1vs1 B-Boys Adult Top 16 KnockOut,Wing,Hiro10,Wing,3,7,2,1,13,8,Aya,Boobjester,Dvir,Kujo,Nacera,Octopus,TheNext ONE,,,1.33,2,1.33,-2,7,7,-3.67,3.67,5.67,21.67,-7.33,-8.67,-2,3.33,-2.33,-3,2.33,2.33,0,0,-7,2,-5,-4,-0.33,1,-0.67,-0.67,,,,,,,,,6.33,2,2.33,2,-9.67,5,-10.33,-4.33,-15.33,9.67,-13.67,-11.33,-3,2.67,-3,-2.67,3,3,0,0,-9,-2.33,-3.67,-3,-0.67,1.33,-1.33,-0.67,,,,,,,,,6.33,2.33,2,2,-22.67,-6,-10,-6.67,-28.67,-2.67,-10.33,-15.67,-6.33,0,-3,-3.33,2,2,0,0,-4.33,1.33,-3,-2.67,-0.33,2,-1.33,-1,,,,,,,,,,,,,,,,,,,,,,,,,,,,,,,,,,,,,,,,,,,,
WDSF BfG International Series - Montreal 2059,1vs1 B-Boys Adult Top 16 KnockOut,Lilbom,Quake,Quake,2,7,0,2,2,12,Aya,Boobjester,Dvir,Kujo,Nacera,Octopus,TheNext ONE,,,0.33,-1,-2,3.33,30,11,11.33,7.67,19.67,-3.33,11,12,-5.33,-6,-2.67,3.33,2,0,2,0,6.33,2.67,1.67,2,0.67,-0.33,0.67,0.33,,,,,,,,,5,2.67,1.33,1,7,-6,8,5,8.33,-5.67,6.67,7.33,-1,-6,2.33,2.67,1.67,0,1.67,0,3.33,-2.67,2.67,3.33,0.33,-0.67,0.33,0.67,,,,,,,,,,,,,,,,,,,,,,,,,,,,,,,,,,,,,,,,,,,,,,,,,,,,,,,,,,,,,,,,,,,,,,,,,,,,,,,,
WDSF BfG International Series - Montreal 2060,1vs1 B-Boys Adult Top 16 KnockOut,Mass,Mighty Jimm,Mass,3,7,2,1,11,10,Aya,Boobjester,Dvir,Kujo,Nacera,Octopus,TheNext ONE,,,-9.33,-3.33,-2,-4,18.67,8.33,6,4.33,-9.33,6.67,-8,-8,8,2.33,2.67,3,2,2,0,0,4.33,2.67,0,1.67,0.67,0,0.33,0.33,,,,,,,,,2.67,1.67,2.67,-1.67,-8.67,3.67,-5.67,-6.67,-9.67,6,-7.67,-8,2.67,4,-3.67,2.33,-1.67,0,-1.67,0,-7.67,-4,-3.67,0,0.67,0.67,0.33,-0.33,,,,,,,,,-7.67,-2.33,-3,-2.33,-15.33,-5,-6,-4.33,13.67,7.33,11.67,-5.33,-6.33,-2.67,-2,-1.67,-2,0,-2,0,-10.33,-3.33,-3.33,-3.67,0.33,0.67,0,-0.33,,,,,,,,,,,,,,,,,,,,,,,,,,,,,,,,,,,,,,,,,,,,
WDSF BfG International Series - Montreal 2061,1vs1 B-Boys Adult Top 16 KnockOut,Hiro10,Wigor,Hiro10,2,7,2,0,9,5,Aya,Boobjester,Dvir,Kujo,Nacera,Octopus,TheNext ONE,,,-9.33,-3.33,-3,-3,-20.33,-7.67,-6.67,-6,-23.67,-10,-6.67,-7,-1.33,0,-1.33,0,-2.33,-2.33,0,0,0.67,4,-3.33,0,0.33,-0.67,0.67,0.33,,,,,,,,,-3.33,-2,-2.67,1.33,-10.67,-9,-6,4.33,-15.67,-9.67,2.67,-8.67,8.67,3,3,2.67,1,0,1,0,1,4,-3,0,-0.67,-0.33,-0.67,0.33,,,,,,,,,,,,,,,,,,,,,,,,,,,,,,,,,,,,,,,,,,,,,,,,,,,,,,,,,,,,,,,,,,,,,,,,,,,,,,,,
WDSF BfG International Series - Montreal 2062,1vs1 B-Boys Adult Top 16 KnockOut,Wing,Tsukki,Wing,2,7,2,0,9,5,Aya,Boobjester,Dvir,Kujo,Nacera,Octopus,TheNext ONE,,,-5.67,1,-3.33,-3.33,-7.33,7,-11,-3.33,-20.67,10.33,-14,-17,-2,4,-4.33,-1.67,2.67,2.67,0,0,-2.67,3,-3,-2.67,1,1,0.33,-0.33,,,,,,,,,5,1.67,2,1.33,-9.67,6,-12.33,-3.33,-14.67,8.33,-10.67,-12.33,-4.67,3.67,-4.33,-4,3.33,3.33,0,0,-2,3.67,-2.33,-3.33,0.67,1.33,-0.33,-0.33,,,,,,,,,,,,,,,,,,,,,,,,,,,,,,,,,,,,,,,,,,,,,,,,,,,,,,,,,,,,,,,,,,,,,,,,,,,,,,,,
WDSF BfG International Series - Montreal 2063,1vs1 B-Boys Adult Top 16 KnockOut,Wing,Bowzee,Wing,2,7,2,0,14,0,Aya,Boobjester,Dvir,Kujo,Nacera,Octopus,TheNext ONE,,,-0.67,-1.67,-1.67,2.67,-23,-8.67,-7,-7.33,-27.33,3,-12.33,-18,-6.67,-1.67,-2.33,-2.67,-2.33,-2.33,0,0,-5,2,-4,-3,-1,-0.33,-0.67,0,,,,,,,,,-5.67,1.33,-3.33,-3.67,-11.33,-4,-11.33,4,-34.67,-7.67,-12.67,-14.33,-11.67,-4,-3.33,-4.33,-1.67,0,0,-1.67,-1,0,-4,3,-0.33,0.33,-0.67,0,,,,,,,,,,,,,,,,,,,,,,,,,,,,,,,,,,,,,,,,,,,,,,,,,,,,,,,,,,,,,,,,,,,,,,,,,,,,,,,,
WDSF BfG International Series - Montreal 2064,1vs1 B-Boys Adult Top 16 KnockOut,Hiro10,Kill,Hiro10,2,7,2,0,10,4,Aya,Boobjester,Dvir,Kujo,Nacera,Octopus,TheNext ONE,,,-4.33,-1.33,-1.33,-1.67,-18.67,-9.33,-5,-4.33,-3.67,11.67,-7.67,-7.67,-12,-2,-5,-5,-2.67,-2.67,0,0,-8,0,-4,-4,0.67,0.67,0,0,,,,,,,,,4,2,2.33,-0.33,18,9,5,4,17.33,13.67,9.33,-5.67,-4.67,0,-2.33,-2.33,-2,-2,0,0,-3.33,4,-3.33,-4,-2,-1,-1,0,,,,,,,,,,,,,,,,,,,,,,,,,,,,,,,,,,,,,,,,,,,,,,,,,,,,,,,,,,,,,,,,,,,,,,,,,,,,,,,,
WDSF BfG International Series - Montreal 2065,1vs1 B-Boys Adult Top 16 KnockOut,Quake,Flo,Quake,2,7,2,0,12,2,Aya,Boobjester,Dvir,Kujo,Nacera,Octopus,TheNext ONE,,,-0.33,-1.67,2.67,-1.33,-16.67,-9.67,-4,-3,-26.67,-12,-9,-5.67,-4.33,0,-1.67,-2.67,-1.33,-1.33,0,0,-1.67,-2.33,3.33,-2.67,-1,-0.67,0,-0.33,,,,,,,,,6,1.67,2.33,2,-21.33,-11,-5,-5.33,-34.33,-13.33,-9.67,-11.33,-14.33,-2.67,-6.33,-5.33,-3.67,-2,-1.67,0,4.67,1,3.67,0,-0.33,-0.67,0.67,-0.33,,,,,,,,,,,,,,,,,,,,,,,,,,,,,,,,,,,,,,,,,,,,,,,,,,,,,,,,,,,,,,,,,,,,,,,,,,,,,,,,
WDSF BfG International Series - Montreal 2066,1vs1 B-Boys Adult Top 16 KnockOut,Mighty Jimm,Nasty,Mighty Jimm,3,7,2,1,14,7,Aya,Boobjester,Dvir,Kujo,Nacera,Octopus,TheNext ONE,,,-1.67,-2.33,-1.33,2,6,-6,8.33,3.67,13.33,-9,11.67,10.67,-3,-1,-2,0,1,0,1,0,7,4,0,3,1.33,0,0.67,0.67,,,,,,,,,-2,-2.33,-2,2.33,-10,-10,-4.33,4.33,-18,-13.67,-10,5.67,-3.33,-2.67,2,-2.67,-1,-1,0,0,4.67,3,-1.33,3,2.33,0.33,1,1,,,,,,,,,-11,-3.67,-4.33,-3,-22,-11,-5.33,-5.67,-51.33,-17,-17,-17.33,-7,-2.33,-2.33,-2.33,-2,-2,0,0,-2,2.67,-4.67,0,-0.33,-0.33,-0.33,0.33,,,,,,,,,,,,,,,,,,,,,,,,,,,,,,,,,,,,,,,,,,,,
WDSF BfG International Series - Montreal 2067,1vs1 B-Boys Adult Top 16 KnockOut,Wigor,El Nino,Wigor,2,7,2,0,12,2,Aya,Boobjester,Dvir,Kujo,Nacera,Octopus,TheNext ONE,,,-4.33,-2.67,1.33,-3,-24.33,-10.67,-6.67,-7,-35.33,-13.33,-10.67,-11.33,-8.33,-2.67,-2,-3.67,-2,0,-2,0,-12.33,-4.33,-3.33,-4.67,-2.33,-1,-0.67,-0.67,,,,,,,,,4,1.33,3,-0.33,-20,-6.33,-7.33,-6.33,-11,7,-7.67,-10.33,-3.33,3,-3.33,-3,1.33,1.33,0,0,-1.33,-3,-1.33,3,-1,-0.33,-0.67,0,,,,,,,,,,,,,,,,,,,,,,,,,,,,,,,,,,,,,,,,,,,,,,,,,,,,,,,,,,,,,,,,,,,,,,,,,,,,,,,,
WDSF BfG International Series - Montreal 2068,1vs1 B-Boys Adult Top 16 KnockOut,Daniel,Mass,Mass,3,7,1,2,10,11,Aya,Boobjester,Dvir,Kujo,Nacera,Octopus,TheNext ONE,,,8.67,2.67,2.33,3.67,-3,-11.33,6.67,1.67,11,-7.33,10,8.33,-3.33,0,-1.67,-1.67,-2,-2,0,0,-12.33,-4.33,-3.67,-4.33,-0.67,-1,0.33,0,,,,,,,,,4,-1.33,2.67,2.67,21.33,6,10.33,5,14.33,-7.67,11.67,10.33,4.67,3,1.67,0,1.67,0,1.67,0,-1.33,-3,3.33,-1.67,-0.33,-0.33,0,0,,,,,,,,,9,2.33,3,3.67,11.67,0,7.67,4,-9.67,-6,2.67,-6.33,-3,0,0,-3,2.33,0,2.33,0,-3.33,-3.67,-3.33,3.67,1.33,0,0.67,0.67,,,,,,,,,,,,,,,,,,,,,,,,,,,,,,,,,,,,,,,,,,,,
WDSF BfG International Series - Montreal 2069,1vs1 B-Boys Adult Top 16 KnockOut,Neosan,Lilbom,Lilbom,2,7,0,2,1,13,Aya,Boobjester,Dvir,Kujo,Nacera,Octopus,TheNext ONE,,,10.33,2.33,4,4,19.67,9.67,5.67,4.33,35,17,11.33,6.67,4.67,3.67,2.33,-1.33,3,1.33,1.67,0,7,4,0,3,2,1.67,0.33,0,,,,,,,,,9.67,3,3,3.67,14,14,-5.67,5.67,46,17.67,14.67,13.67,4.33,5.33,-4.33,3.33,2.33,2.33,0,0,-2.67,2.33,-5,0,1.33,2,-0.67,0,,,,,,,,,,,,,,,,,,,,,,,,,,,,,,,,,,,,,,,,,,,,,,,,,,,,,,,,,,,,,,,,,,,,,,,,,,,,,,,,
WDSF BfG International Series - Montreal 2070,1vs1 B-Boys Adult Top 16 KnockOut,Pesto,Tsukki,Tsukki,2,7,0,2,2,12,Aya,Boobjester,Dvir,Kujo,Nacera,Octopus,TheNext ONE,,,7.33,3.33,2.33,1.67,25,22.67,-3.33,5.67,25,20,-7,12,2.33,6.33,-1.67,-2.33,-2.33,0,-2.33,0,3,4.67,-1.67,0,0.33,1,0.33,-1,,,,,,,,,1.67,2,1.33,-1.67,17.33,11,2.67,3.67,41.67,18.33,12.67,10.67,2.67,6.67,-2.33,-1.67,-1.67,0,-1.67,0,3.67,3.67,-2.67,2.67,1,0.67,0.33,0,,,,,,,,,,,,,,,,,,,,,,,,,,,,,,,,,,,,,,,,,,,,,,,,,,,,,,,,,,,,,,,,,,,,,,,,,,,,,,,,
WDSF BfG International Series - Montreal 2071,1vs1 B-Boys Adult Top 32 PreQualifier,Bowzee,Dux-M,Bowzee,2,7,2,0,10,4,Aya,Boobjester,Dvir,Kujo,Nacera,Octopus,TheNext ONE,,,-12.33,-4,-3.67,-4.67,-23.67,-13,-6.33,-4.33,9.67,11.67,-5.33,3.33,1.67,0,1.67,0,-1.33,-1.33,0,0,-3.67,-2.67,-3,2,2.33,0.67,1,0.67,,,,,,,,,-13.67,-4,-4.33,-5.33,-15.67,-4.67,-4.67,-6.33,-21.33,-5.67,-10.33,-5.33,-4,0,-2,-2,-1.33,0,-1.33,0,-6.67,-3.67,-1.67,-1.33,1,0.33,0.67,0,,,,,,,,,,,,,,,,,,,,,,,,,,,,,,,,,,,,,,,,,,,,,,,,,,,,,,,,,,,,,,,,,,,,,,,,,,,,,,,,
WDSF BfG International Series - Montreal 2072,1vs1 B-Boys Adult Top 32 PreQualifier,Neo,Mass,Mass,2,7,0,2,0,14,Aya,Boobjester,Dvir,Kujo,Nacera,Octopus,TheNext ONE,,,11.33,3,4,4.33,6.33,-7.67,7.67,6.33,22,5,12.33,4.67,4.67,-2,3.67,3,3.67,2,1.67,0,8,4,2.67,1.33,0.33,-0.67,0.67,0.33,,,,,,,,,13,3.67,5,4.33,16.67,4,4.67,8,47,12.33,20.33,14.33,17.67,3.33,7.67,6.67,2.33,0,2.33,0,8.67,2,2.67,4,2.33,0.33,1.33,0.67,,,,,,,,,,,,,,,,,,,,,,,,,,,,,,,,,,,,,,,,,,,,,,,,,,,,,,,,,,,,,,,,,,,,,,,,,,,,,,,,
WDSF BfG International Series - Montreal 2073,1vs1 B-Boys Adult Top 32 PreQualifier,Poter,Hiro10,Hiro10,2,7,0,2,1,13,Aya,Boobjester,Dvir,Kujo,Nacera,Octopus,TheNext ONE,,,2,4.33,3,-5.33,37.33,22,9.67,5.67,9,8.67,-3.67,4,8.33,8,-2,2.33,2,2,0,0,3.67,4,2.67,-3,1.33,1.33,0,0,,,,,,,,,11,4,3.33,3.67,33.67,19,11,3.67,-5.33,8.33,-4,-9.67,7.67,10.33,-2.67,0,3,3,0,0,4.33,3,4.33,-3,1.67,1.33,0.33,0,,,,,,,,,,,,,,,,,,,,,,,,,,,,,,,,,,,,,,,,,,,,,,,,,,,,,,,,,,,,,,,,,,,,,,,,,,,,,,,,
WDSF BfG International Series - Montreal 2074,1vs1 B-Boys Adult Top 32 PreQualifier,Shade,Flo,Flo,2,7,0,2,4,10,Aya,Boobjester,Dvir,Kujo,Nacera,Octopus,TheNext ONE,,,-10.67,-3.33,-3.67,-3.67,-25.67,-11,-4.33,-10.33,9,-4.67,5.33,8.33,4.33,-2.33,4,2.67,4.67,2.33,0,2.33,1.67,3.33,-3.67,2,0.67,-0.67,0.67,0.67,,,,,,,,,-12.33,-4.33,-4,-4,-19,-9.67,-4,-5.33,27.67,6.33,9.33,12,10.33,3.33,3.33,3.67,3.67,1.67,2,0,2.67,3.67,-3.67,2.67,1,0.67,0.33,0,,,,,,,,,,,,,,,,,,,,,,,,,,,,,,,,,,,,,,,,,,,,,,,,,,,,,,,,,,,,,,,,,,,,,,,,,,,,,,,,
WDSF BfG International Series - Montreal 2075,1vs1 B-Boys Adult Top 32 PreQualifier,Nasty,Onel,Nasty,2,7,2,0,9,5,Aya,Boobjester,Dvir,Kujo,Nacera,Octopus,TheNext ONE,,,-13.67,-4,-4,-5.67,-3.67,12,-7,-8.67,14.33,10.33,7,-3,-3,3.67,-4.67,-2,-2.33,0,-2.33,0,3.33,1,2,0.33,-0.33,1.33,-1.33,-0.33,,,,,,,,,-14.33,-4.33,-4.33,-5.67,-12.67,-0.67,-5,-7,-4,5.33,-7,-2.33,4,8.67,-3.67,-1,-3.33,0,-1.33,-2,2.33,2.67,1.67,-2,1,1,0,0,,,,,,,,,,,,,,,,,,,,,,,,,,,,,,,,,,,,,,,,,,,,,,,,,,,,,,,,,,,,,,,,,,,,,,,,,,,,,,,,
WDSF BfG International Series - Montreal 2076,1vs1 B-Boys Adult Top 32 PreQualifier,El Nino,Mattix,El Nino,2,7,1,1,8,6,Aya,Boobjester,Dvir,Kujo,Nacera,Octopus,TheNext ONE,,,-12.33,-3.67,-4,-4.67,19.33,10,4,5.33,12,7,8.33,-3.33,2,2,0,0,2,2,0,0,9,3.67,2,3.33,-0.33,0,-0.33,0,,,,,,,,,-9.33,-3,-3,-3.33,-24.33,-12,-5.67,-6.67,-1.33,4,-3,-2.33,4.33,2.67,1.67,0,-2.33,-2.33,0,0,-9.67,-3.67,-3.33,-2.67,-1,-0.67,-0.33,0,,,,,,,,,,,,,,,,,,,,,,,,,,,,,,,,,,,,,,,,,,,,,,,,,,,,,,,,,,,,,,,,,,,,,,,,,,,,,,,,
WDSF BfG International Series - Montreal 2077,1vs1 B-Boys Adult Top 32 PreQualifier,M17,Quake,Quake,2,7,0,2,1,13,Aya,Boobjester,Dvir,Kujo,Nacera,Octopus,TheNext ONE,,,5.67,1.67,2.67,1.33,16.67,13,-0.33,4,8.67,7,-3.67,5.33,5.67,2.67,1.67,1.33,2,0,2,0,14.67,5,4.67,5,0.67,-0.33,0.33,0.67,,,,,,,,,6.33,2,2,2.33,17.67,14,-4.33,8,12.33,9.67,-3.67,6.33,5.33,2.33,1.33,1.67,1.67,0,0,1.67,7.67,2.33,2.67,2.67,-0.67,-0.33,-0.33,0,,,,,,,,,,,,,,,,,,,,,,,,,,,,,,,,,,,,,,,,,,,,,,,,,,,,,,,,,,,,,,,,,,,,,,,,,,,,,,,,
WDSF BfG International Series - Montreal 2078,1vs1 B-Boys Adult Top 32 PreQualifier,Cis,Wing,Wing,2,7,0,2,1,13,Aya,Boobjester,Dvir,Kujo,Nacera,Octopus,TheNext ONE,,,9,3,3,3,10,-5,10.33,4.67,19.33,-2.67,9.67,12.33,10.67,0,4.67,6,2,2,0,0,1,-4,2.67,2.33,0.67,-1,0.67,1,,,,,,,,,7.33,3,2,2.33,22.67,4,9.67,9,43.33,13,17.67,12.67,6,-2.33,4.67,3.67,1.33,1.33,0,0,-4,-4,3,-3,0.33,-0.67,0.33,0.67,,,,,,,,,,,,,,,,,,,,,,,,,,,,,,,,,,,,,,,,,,,,,,,,,,,,,,,,,,,,,,,,,,,,,,,,,,,,,,,,
WDSF BfG International Series - Montreal 2079,1vs1 B-Boys Adult Top 32 PreQualifier,Said,Mighty Jimm,Mighty Jimm,2,7,0,2,0,14,Aya,Boobjester,Dvir,Kujo,Nacera,Octopus,TheNext ONE,,,8.33,3.33,3,2,21.67,12.33,3.67,5.67,10.67,6.67,7.67,-3.67,10,2.67,1.33,6,2,2,0,0,9.33,3,3.67,2.67,1.33,0.67,0.33,0.33,,,,,,,,,7,2.33,2.33,2.33,23.33,4.67,8,10.67,26.67,12.33,7.67,6.67,16,2.67,6.67,6.67,2,0,2,0,8,3.33,2.33,2.33,1,0.67,0.33,0,,,,,,,,,,,,,,,,,,,,,,,,,,,,,,,,,,,,,,,,,,,,,,,,,,,,,,,,,,,,,,,,,,,,,,,,,,,,,,,,
WDSF BfG International Series - Montreal 2080,1vs1 B-Boys Adult Top 32 PreQualifier,Ninonino,Pesto,Pesto,2,7,1,1,6,8,Aya,Boobjester,Dvir,Kujo,Nacera,Octopus,TheNext ONE,,,4.33,-3.67,3.33,4.67,12,-4,8.67,7.33,19.67,7,5.67,7,17,3.67,6,7.33,-3.67,-2,-1.67,0,4.67,-2.33,3.33,3.67,-1,-0.33,-0.67,0,,,,,,,,,9.33,2.67,3.33,3.33,10.67,-5.33,9.67,6.33,-7.67,-5.33,3.67,-6,22,8.67,6,7.33,-2.33,-2.33,0,0,-3.33,-3.67,3.33,-3,-1.67,-0.67,-0.33,-0.67,,,,,,,,,,,,,,,,,,,,,,,,,,,,,,,,,,,,,,,,,,,,,,,,,,,,,,,,,,,,,,,,,,,,,,,,,,,,,,,,
WDSF BfG International Series - Montreal 2081,1vs1 B-Boys Adult Top 32 PreQualifier,Deadly Dani,Kill,Kill,2,7,0,2,4,10,Aya,Boobjester,Dvir,Kujo,Nacera,Octopus,TheNext ONE,,,12.67,4.67,4.33,3.67,4,11.67,-5,-2.67,17.67,13,-4,8.67,1,4,-5.67,2.67,-4.33,-1.67,-2.67,0,1.33,7,-1.33,-4.33,1.67,1.33,0.33,0,,,,,,,,,9,4.33,4.67,0,4.33,16.67,-8.33,-4,1,6.33,-5.33,0,-1.67,2.67,-2.67,-1.67,-4.33,0,-2.33,-2,-7.33,0,-3,-4.33,1.67,1,0.67,0,,,,,,,,,,,,,,,,,,,,,,,,,,,,,,,,,,,,,,,,,,,,,,,,,,,,,,,,,,,,,,,,,,,,,,,,,,,,,,,,
WDSF BfG International Series - Montreal 2082,1vs1 B-Boys Adult Top 32 PreQualifier,Onton,Wigor,Wigor,2,7,0,2,0,14,Aya,Boobjester,Dvir,Kujo,Nacera,Octopus,TheNext ONE,,,12.33,4.33,3.67,4.33,17.33,10,3.67,3.67,16.33,11,-1.33,6.67,6.67,4,2.67,0,4.67,3,1.67,0,1.67,4,1.67,-4,1,0.67,0.33,0,,,,,,,,,13.67,4,5,4.67,18.33,7,4.67,6.67,11,8,6,-3,3.67,6.33,-2.67,0,4,2,2,0,12.33,4,4.33,4,1.33,0.67,0.33,0.33,,,,,,,,,,,,,,,,,,,,,,,,,,,,,,,,,,,,,,,,,,,,,,,,,,,,,,,,,,,,,,,,,,,,,,,,,,,,,,,,
WDSF BfG International Series - Montreal 2083,1vs1 B-Boys Adult Top 32 PreQualifier,C Plus,Lilbom,Lilbom,2,7,0,2,0,14,Aya,Boobjester,Dvir,Kujo,Nacera,Octopus,TheNext ONE,,,15,5.33,5,4.67,13.67,23.33,-6.33,-3.33,29.67,27.33,-3.33,5.67,3,9.67,-3.67,-3,4,4,0,0,6.33,6.33,-2.67,2.67,2,2.67,-0.67,0,,,,,,,,,13,5,4.33,3.67,15,14.67,4.67,-4.33,43.67,26.33,4.67,12.67,9.33,8.67,-2.67,3.33,4,2.33,0,1.67,11.33,4.33,3.33,3.67,0.33,0.67,-0.33,0,,,,,,,,,,,,,,,,,,,,,,,,,,,,,,,,,,,,,,,,,,,,,,,,,,,,,,,,,,,,,,,,,,,,,,,,,,,,,,,,
WDSF BfG International Series - Montreal 2084,1vs1 B-Boys Adult Top 32 PreQualifier,Daniel,Aggoun,Daniel,2,7,1,1,10,4,Aya,Boobjester,Dvir,Kujo,Nacera,Octopus,TheNext ONE,,,5.67,2,1.67,2,9.67,3.33,-4.67,11,10,-4.33,7,7.33,-10,-2.67,-5.33,-2,-1.33,0,-1.33,0,-12.67,-4,-5,-3.67,0.33,0.33,-0.67,0.67,,,,,,,,,-9,-2.67,-3,-3.33,-31,-10.33,-14,-6.67,-13,-8.33,2.67,-7.33,-15.33,-3,-5.67,-6.67,-1.67,0,-1.67,0,-12,-4.33,-4,-3.67,-1.67,-0.67,-0.67,-0.33,,,,,,,,,,,,,,,,,,,,,,,,,,,,,,,,,,,,,,,,,,,,,,,,,,,,,,,,,,,,,,,,,,,,,,,,,,,,,,,,
WDSF BfG International Series - Montreal 2085,1vs1 B-Boys Adult Top 32 PreQualifier,Frankie,Neosan,Neosan,2,7,1,1,6,8,Aya,Boobjester,Dvir,Kujo,Nacera,Octopus,TheNext ONE,,,-14,-4,-5,-5,-23,-3.33,-12.67,-7,31.33,10.33,11.33,9.67,4,2,1.67,0.33,1.67,1.67,0,0,2.67,3.67,3,-4,0.33,0.67,-0.33,0,,,,,,,,,-10,-2.33,-4,-3.67,-20,-3.67,-8.67,-7.67,15.33,10.33,8.33,-3.33,-3.33,-2.33,1.33,-2.33,1.67,1.67,0,0,-3.33,3.33,-3.67,-3,0.33,0.67,-0.33,0,,,,,,,,,,,,,,,,,,,,,,,,,,,,,,,,,,,,,,,,,,,,,,,,,,,,,,,,,,,,,,,,,,,,,,,,,,,,,,,,
WDSF BfG International Series - Montreal 2086,1vs1 B-Boys Adult Top 32 PreQualifier,Tsukki,Think,Tsukki,2,7,2,0,14,0,Aya,Boobjester,Dvir,Kujo,Nacera,Octopus,TheNext ONE,,,-11.33,-4,-5,-2.33,-25.33,-15.33,-5.67,-4.33,-10.33,-8.33,3.33,-5.33,-8,-9.33,2.67,-1.33,-3.33,-3.33,0,0,-5.67,-6.67,2.33,-1.33,-1.67,-1.33,-0.33,0,,,,,,,,,-10,-3,-3,-4,-15,-6.67,-3.33,-5,-1.33,-5,6.33,-2.67,-12.33,-9.33,-1,-2,-3,-3,0,0,-4,-4,0,0,-1.33,-1.67,0.33,0,,,,,,,,,,,,,,,,,,,,,,,,,,,,,,,,,,,,,,,,,,,,,,,,,,,,,,,,,,,,,,,,,,,,,,,,,,,,,,,,
WDSF BfG Challenge Series - Tokyo 2022,1vs1 B-Girls Adult Top 16 KnockOut,Nicka,Logistx,Nicka,3,5,2,1,8,7,Dyzee,G1,Lildragon,Rush,Steez,,,,,4,-5.33,3.67,5.67,8,1,4.33,2.67,-6.33,-2.67,-2.33,-1.33,-13.67,-3.33,-3.67,-6.67,-2.33,1.67,-2,-2,,,,,,,,,,,,,,,,,-12.67,-4.33,-4,-4.33,0.67,0,-1.67,2.33,-1.67,-1,-1.33,0.67,-9,-4,-2.67,-2.33,-5.33,-3.33,1.67,-3.67,,,,,,,,,,,,,,,,,3,8.33,-3,-2.33,-14.33,-3.67,-6,-4.67,2,0,1.33,0.67,3,3.67,-3.33,2.67,1,3,-3.33,1.33,,,,,,,,,,,,,,,,,,,,,,,,,,,,,,,,,,,,,,,,,,,,,,,,,,,,
WDSF BfG Challenge Series - Tokyo 2023,1vs1 B-Girls Adult Top 16 KnockOut,Ayane,Ayumi,Ayumi,3,5,1,2,6,9,Dyzee,G1,Lildragon,Rush,Steez,,,,,4.67,-10.33,11.33,3.67,9.67,-1.33,5,6,0.33,-1.33,1.67,0,-8,-6.33,0.33,-2,1.67,-4.33,4,2,,,,,,,,,,,,,,,,,-1.33,-8,1,5.67,14.67,0,10.33,4.33,2.33,-1.33,2.33,1.33,10,5,3,2,2.33,-2.67,4.67,0.33,,,,,,,,,,,,,,,,,-2.67,-6.33,5.33,-1.67,11,2,6,3,-2.33,-2.33,0,0,-4.67,-4.67,-1.67,1.67,-4.67,-3.33,1.33,-2.67,,,,,,,,,,,,,,,,,,,,,,,,,,,,,,,,,,,,,,,,,,,,,,,,,,,,
WDSF BfG Challenge Series - Tokyo 2024,1vs1 B-Girls Adult Top 16 KnockOut,Ayumi,Logistx,Logistx,2,5,0,2,3,7,Dyzee,G1,Lildragon,Rush,Steez,,,,,2.67,8.67,-8,2,6.67,6.33,-3,3.33,-3,0.67,-3,-0.67,6.33,10,-4,0.33,2,3,-3,2,,,,,,,,,,,,,,,,,0.67,8.33,-11.67,4,-7.33,2,-6.33,-3,1.67,2,-3,2.67,5,5.33,-3.67,3.33,-4,1,-2.33,-2.67,,,,,,,,,,,,,,,,,,,,,,,,,,,,,,,,,,,,,,,,,,,,,,,,,,,,,,,,,,,,,,,,,,,,,,,,,,,,,,,,,,,,,,,,
WDSF BfG Challenge Series - Tokyo 2025,1vs1 B-Girls Adult Top 16 KnockOut,Ayane,Nicka,Nicka,2,5,0,2,3,7,Dyzee,G1,Lildragon,Rush,Steez,,,,,2.67,2.67,6.67,-6.67,-16.33,-7.33,-3.33,-5.67,-0.67,-4,1.33,2,13,4.67,3.67,4.67,0.67,-4,2,2.67,,,,,,,,,,,,,,,,,0.33,-4.67,3.33,1.67,6,4.33,1.67,0,0.67,-3,2.33,1.33,1.33,1.67,-4.33,4,-4,-2.33,-2.33,0.67,,,,,,,,,,,,,,,,,,,,,,,,,,,,,,,,,,,,,,,,,,,,,,,,,,,,,,,,,,,,,,,,,,,,,,,,,,,,,,,,,,,,,,,,
WDSF BfG Challenge Series - Tokyo 2026,1vs1 B-Girls Adult Top 16 KnockOut,Riko,Ayane,Ayane,2,5,0,2,2,8,Dyzee,G1,Lildragon,Rush,Steez,,,,,14.67,4.67,6.33,3.67,14.33,7.67,5,1.67,2.67,3,1,-1.33,0.33,-4.33,3.67,1,2.67,2,-2.33,3,,,,,,,,,,,,,,,,,2.33,-2,2.33,2,7.33,5,2.33,0,-5.33,-3.67,-1.67,0,4,5,1.67,-2.67,-4.67,0.67,-3.67,-1.67,,,,,,,,,,,,,,,,,,,,,,,,,,,,,,,,,,,,,,,,,,,,,,,,,,,,,,,,,,,,,,,,,,,,,,,,,,,,,,,,,,,,,,,,
WDSF BfG Challenge Series - Tokyo 2027,1vs1 B-Girls Adult Top 16 KnockOut,Cocoa,Ayumi,Ayumi,2,5,0,2,1,9,Dyzee,G1,Lildragon,Rush,Steez,,,,,2.33,-6,2.67,5.67,3.33,-2.33,3,2.67,2.33,0,1.67,0.67,5,-2.33,4,3.33,1.33,-2.33,1,2.67,,,,,,,,,,,,,,,,,-0.67,-3.67,5,-2,6,0,6,0,1.67,1.33,1.33,-1,2.67,1.67,-1.33,2.33,1.33,1.33,1.67,-1.67,,,,,,,,,,,,,,,,,,,,,,,,,,,,,,,,,,,,,,,,,,,,,,,,,,,,,,,,,,,,,,,,,,,,,,,,,,,,,,,,,,,,,,,,
WDSF BfG Challenge Series - Tokyo 2028,1vs1 B-Girls Adult Top 16 KnockOut,Jilou,Logistx,Logistx,2,5,0,2,2,8,Dyzee,G1,Lildragon,Rush,Steez,,,,,6,5.33,-2.33,3,11.67,8,0,3.67,1.67,2,-1.33,1,0.33,1,-2.67,2,1.67,2.67,-2.67,1.67,,,,,,,,,,,,,,,,,6,-2,2.67,5.33,5,6,-4,3,1,1.33,-1.33,1,-2.33,-3.33,-2.33,3.33,-3.33,1.33,-3,-1.67,,,,,,,,,,,,,,,,,,,,,,,,,,,,,,,,,,,,,,,,,,,,,,,,,,,,,,,,,,,,,,,,,,,,,,,,,,,,,,,,,,,,,,,,
WDSF BfG Challenge Series - Tokyo 2029,1vs1 B-Girls Adult Top 16 KnockOut,Nicka,Ram,Nicka,3,5,2,1,11,4,Dyzee,G1,Lildragon,Rush,Steez,,,,,-8.33,4.67,-3.67,-9.33,7.67,6.67,-2.67,3.67,-6.33,-1.67,-2.33,-2.33,5.33,5.67,-2.33,2,1.33,2,2,-2.67,,,,,,,,,,,,,,,,,-16.67,-5.67,-3.33,-7.67,-6.67,-3.67,-3,0,-4.67,0.33,-2.67,-2.33,-12.33,-3.67,-5.67,-3,-9.33,-3,-3.67,-2.67,,,,,,,,,,,,,,,,,-1.33,3,-1.67,-2.67,5,-2,2.67,4.33,-3,0,-2,-1,-10.67,-4.33,-3.67,-2.67,-2.33,1.67,-2,-2,,,,,,,,,,,,,,,,,,,,,,,,,,,,,,,,,,,,,,,,,,,,,,,,,,,,
WDSF BfG Challenge Series - Tokyo 2030,1vs1 B-Girls Adult Top 16 KnockOut,Riko,Madmax,Riko,2,5,2,0,6,4,Dyzee,G1,Lildragon,Rush,Steez,,,,,6.33,-7,1.67,11.67,-4,-7,3.67,-0.67,4,-3.33,4.67,2.67,-12.67,-9.67,-4.67,1.67,-3.33,-2,0,-1.33,,,,,,,,,,,,,,,,,-2.67,-10.33,1.67,6,4.33,-3.67,3.67,4.33,-1.67,-3,0.33,1,-12.33,-13.33,-5.33,6.33,2,-2.33,2.33,2,,,,,,,,,,,,,,,,,,,,,,,,,,,,,,,,,,,,,,,,,,,,,,,,,,,,,,,,,,,,,,,,,,,,,,,,,,,,,,,,,,,,,,,,
WDSF BfG Challenge Series - Tokyo 2031,1vs1 B-Girls Adult Top 16 KnockOut,Cocoa,Sy,Cocoa,3,5,2,1,10,5,Dyzee,G1,Lildragon,Rush,Steez,,,,,14.33,-3,15.33,2,0.67,3,-2.33,0,1,3,-2,0,-46.33,-10,-3,-33.33,-5,1,-2,-4,,,,,,,,,,,,,,,,,-2,-5.67,9.67,-6,1.33,-2.67,3.67,0.33,-3.33,-1.67,-1.67,0,-16.33,-9.33,-3.33,-3.67,-2,1,-1.33,-1.67,,,,,,,,,,,,,,,,,-1,9.67,3.67,-14.33,11,4.33,3.33,3.33,-6.33,-2,-2.33,-2,-11,-5,-3,-3,-6.33,-1,-3,-2.33,,,,,,,,,,,,,,,,,,,,,,,,,,,,,,,,,,,,,,,,,,,,,,,,,,,,
WDSF BfG Challenge Series - Tokyo 2032,1vs1 B-Girls Adult Top 16 KnockOut,Jazzy,Jilou,Jilou,2,5,0,2,0,10,Dyzee,G1,Lildragon,Rush,Steez,,,,,7,-1,-7.67,15.67,10.33,4,3,3.33,3.67,1.33,3,-0.67,8.33,1,3,4.33,4,1,1.67,1.33,,,,,,,,,,,,,,,,,1,-4.67,0.33,5.33,14,5,5.67,3.33,4,0,3,1,11,6.33,2.67,2,5.33,2.33,2,1,,,,,,,,,,,,,,,,,,,,,,,,,,,,,,,,,,,,,,,,,,,,,,,,,,,,,,,,,,,,,,,,,,,,,,,,,,,,,,,,,,,,,,,,
WDSF BfG Challenge Series - Tokyo 2033,1vs1 B-Girls Adult Top 16 KnockOut,Ram,Hinata,Ram,2,5,2,0,9,1,Dyzee,G1,Lildragon,Rush,Steez,,,,,1.67,-7,3,5.67,-4,3.33,-4.33,-3,-7,-4.33,0,-2.67,-13,-2,-5,-6,-2.67,-2,-2,1.33,,,,,,,,,,,,,,,,,-19.33,-14.33,-1,-4,-13,-4,-4,-5,-5,-3,-2,0,-12,-3.33,-4,-4.67,-6.67,-2,-2,-2.67,,,,,,,,,,,,,,,,,,,,,,,,,,,,,,,,,,,,,,,,,,,,,,,,,,,,,,,,,,,,,,,,,,,,,,,,,,,,,,,,,,,,,,,,
WDSF BfG Challenge Series - Tokyo 2034,1vs1 B-Girls Adult Top 16 KnockOut,Kaedie,Ayane,Ayane,2,5,0,2,0,10,Dyzee,G1,Lildragon,Rush,Steez,,,,,2.67,3.67,2,-3,7,6.33,-2,2.67,5.33,3.67,1.67,0,15,2.33,7.33,5.33,1.33,2,-1.33,0.67,,,,,,,,,,,,,,,,,2.33,4.67,0,-2.33,13.33,7.33,3.33,2.67,4,3,1,0,15,3.33,3.67,8,4.67,2.67,0.67,1.33,,,,,,,,,,,,,,,,,,,,,,,,,,,,,,,,,,,,,,,,,,,,,,,,,,,,,,,,,,,,,,,,,,,,,,,,,,,,,,,,,,,,,,,,
WDSF BfG Challenge Series - Tokyo 2035,1vs1 B-Girls Adult Top 16 KnockOut,Hiyo,Ayumi,Ayumi,2,5,0,2,1,9,Dyzee,G1,Lildragon,Rush,Steez,,,,,3.33,-10,3.67,9.67,10.67,3,5.33,2.33,2,-2,2,2,1.67,-4.33,2.33,3.67,3,-2,3,2,,,,,,,,,,,,,,,,,1,-9.33,4,6.33,8.67,0,5.67,3,3.33,-2,2.67,2.67,-4,-5.33,1,0.33,2.33,-2.33,2.67,2,,,,,,,,,,,,,,,,,,,,,,,,,,,,,,,,,,,,,,,,,,,,,,,,,,,,,,,,,,,,,,,,,,,,,,,,,,,,,,,,,,,,,,,,
WDSF BfG Challenge Series - Tokyo 2036,1vs1 B-Girls Adult Top 16 KnockOut,Logistx,Snap1,Logistx,2,5,2,0,9,1,Dyzee,G1,Lildragon,Rush,Steez,,,,,-31.33,-13.33,-7.33,-10.67,-6,-8,2,0,-5.33,-3,-2.33,0,-16,-13.33,1.33,-4,-10.67,-4.67,-3.33,-2.67,,,,,,,,,,,,,,,,,-22.33,-9.33,-5.33,-7.67,-9.33,-6,-3.33,0,-2,0.67,-1,-1.67,1.67,-4.67,3.67,2.67,-7.33,-2.67,-3,-1.67,,,,,,,,,,,,,,,,,,,,,,,,,,,,,,,,,,,,,,,,,,,,,,,,,,,,,,,,,,,,,,,,,,,,,,,,,,,,,,,,,,,,,,,,
WDSF BfG Challenge Series - Tokyo 2037,1vs1 B-Girls Adult Top 16 KnockOut,Nicka,Yuika,Nicka,2,5,2,0,8,2,Dyzee,G1,Lildragon,Rush,Steez,,,,,14.67,13.67,-6,7,-4,3.33,-3.33,-4,-0.33,3.67,-2.33,-1.67,2.33,3.33,-4.33,3.33,-4,2,-2.33,-3.67,,,,,,,,,,,,,,,,,-14.67,-0.67,-3.33,-10.67,-4.67,3,-5,-2.67,-2,4.33,-2,-4.33,-9.67,-0.67,-5.67,-3.33,-4.33,2,-3.33,-3,,,,,,,,,,,,,,,,,,,,,,,,,,,,,,,,,,,,,,,,,,,,,,,,,,,,,,,,,,,,,,,,,,,,,,,,,,,,,,,,,,,,,,,,
WDSF BfG Challenge Series - Tokyo 2038,1vs1 B-Boys Adult Top 16 KnockOut,NORI,Shigekix,Shigekix,3,5,1,2,6,9,Dyzee,G1,Lildragon,Rush,Steez,,,,,2.33,7.67,-3.33,-2,-5,3,-4.67,-3.33,-0.33,3,-2.67,-0.67,-8.33,1.67,-5.33,-4.67,-1.33,3,-4,-0.33,,,,,,,,,,,,,,,,,0.33,6.67,-6.33,0,10,7,-3.67,6.67,2,3.67,-1.67,0,3.67,3,-4.33,5,7,3.33,1.33,2.33,,,,,,,,,,,,,,,,,-2,5.67,-1.33,-6.33,6.33,5.67,-3.67,4.33,0.67,3.33,-2.33,-0.33,5,6,-4.33,3.33,-3,3.67,-5,-1.67,,,,,,,,,,,,,,,,,,,,,,,,,,,,,,,,,,,,,,,,,,,,,,,,,,,,
WDSF BfG Challenge Series - Tokyo 2039,1vs1 B-Boys Adult Top 16 KnockOut,Issin,Vero,Vero,3,5,0,3,2,13,Dyzee,G1,Lildragon,Rush,Steez,,,,,1.67,-8,5.67,4,0.67,-6.33,3.67,3.33,0.67,-2.67,3.33,0,7.33,-3,6.33,4,-5.33,-4.67,2,-2.67,,,,,,,,,,,,,,,,,-1.67,-7.33,4.33,1.33,4.67,-3.33,4.33,3.67,1,-1.67,2.67,0,15.33,2.33,7.33,5.67,0.67,-3.67,3.33,1,,,,,,,,,,,,,,,,,3,-10.33,12,1.33,0.67,-5.67,2.67,3.67,0.67,-0.67,1.33,0,9.33,-3.33,6,6.67,4,0,3.33,0.67,,,,,,,,,,,,,,,,,,,,,,,,,,,,,,,,,,,,,,,,,,,,,,,,,,,,
WDSF BfG Challenge Series - Tokyo 2040,1vs1 B-Boys Adult Top 16 KnockOut,Issin,NORI,NORI,3,5,1,2,5,10,Dyzee,G1,Lildragon,Rush,Steez,,,,,-2.67,-7.33,-3,7.67,7,-6.67,9,4.67,1,-2.33,1.67,1.67,2,-5.33,5,2.33,-2.33,-2.67,2.33,-2,,,,,,,,,,,,,,,,,-3.67,-7.33,2.33,1.33,1.33,-7.67,9,0,-2,-3,1,0,-14.67,-7.33,-3,-4.33,2.67,-2.67,3,2.33,,,,,,,,,,,,,,,,,13.33,-4.67,6,12,5,-2.33,4,3.33,4,-1,3.33,1.67,9.67,2.33,3.67,3.67,1.33,-4.33,2.33,3.33,,,,,,,,,,,,,,,,,,,,,,,,,,,,,,,,,,,,,,,,,,,,,,,,,,,,
WDSF BfG Challenge Series - Tokyo 2041,1vs1 B-Boys Adult Top 16 KnockOut,Vero,Shigekix,Shigekix,2,5,0,2,2,8,Dyzee,G1,Lildragon,Rush,Steez,,,,,-3.67,8.67,-8,-4.33,10,8,-3,5,-0.33,3,-3.33,0,7.67,7.67,-3.67,3.67,1.67,2.67,3.33,-4.33,,,,,,,,,,,,,,,,,8.67,5,-3.33,7,10.67,6.67,0,4,6.33,3.33,3,0,13,6.33,3.33,3.33,4,2.33,-1.33,3,,,,,,,,,,,,,,,,,,,,,,,,,,,,,,,,,,,,,,,,,,,,,,,,,,,,,,,,,,,,,,,,,,,,,,,,,,,,,,,,,,,,,,,,
WDSF BfG Challenge Series - Tokyo 2042,1vs1 B-Boys Adult Top 16 KnockOut,Issin,Lilbom,Issin,2,5,2,0,9,1,Dyzee,G1,Lildragon,Rush,Steez,,,,,-12.67,-6.33,-3,-3.33,-7.33,3,-4.33,-6,-7.67,-4.33,-3.33,0,-8.67,-1.33,-4,-3.33,-4.67,1.33,-3.33,-2.67,,,,,,,,,,,,,,,,,4.33,5,2.67,-3.33,-3.33,2.33,-4,-1.67,-3.33,-1,-2.33,0,-3,4,-5,-2,-2,2.33,-2.67,-1.67,,,,,,,,,,,,,,,,,,,,,,,,,,,,,,,,,,,,,,,,,,,,,,,,,,,,,,,,,,,,,,,,,,,,,,,,,,,,,,,,,,,,,,,,
WDSF BfG Challenge Series - Tokyo 2043,1vs1 B-Boys Adult Top 16 KnockOut,Steezyskee,Vero,Vero,2,5,0,2,1,9,Dyzee,G1,Lildragon,Rush,Steez,,,,,2,-2,8.33,-4.33,9.33,4.33,2.33,2.67,1.67,2.33,3.33,-4,-13,-5.33,-2.67,-5,3.33,3,4,-3.67,,,,,,,,,,,,,,,,,0.33,4,6.33,-10,7.67,5,2.67,0,0.67,2.67,1.67,-3.67,4,8.67,1.67,-6.33,1,4.33,-1.33,-2,,,,,,,,,,,,,,,,,,,,,,,,,,,,,,,,,,,,,,,,,,,,,,,,,,,,,,,,,,,,,,,,,,,,,,,,,,,,,,,,,,,,,,,,
WDSF BfG Challenge Series - Tokyo 2044,1vs1 B-Boys Adult Top 16 KnockOut,Morris,NORI,NORI,2,5,0,2,1,9,Dyzee,G1,Lildragon,Rush,Steez,,,,,1,-4.33,2,3.33,-5,-4.67,-3.33,3,3.33,-1,2.67,1.67,11,5,1.67,4.33,4.33,1,2,1.33,,,,,,,,,,,,,,,,,3.67,-3.67,3,4.33,0.67,-3.67,2.67,1.67,1.67,0,1.67,0,1.67,-2.67,3,1.33,1,-2,2.33,0.67,,,,,,,,,,,,,,,,,,,,,,,,,,,,,,,,,,,,,,,,,,,,,,,,,,,,,,,,,,,,,,,,,,,,,,,,,,,,,,,,,,,,,,,,
WDSF BfG Challenge Series - Tokyo 2045,1vs1 B-Boys Adult Top 16 KnockOut,Hiro10,Shigekix,Shigekix,2,5,0,2,0,10,Dyzee,G1,Lildragon,Rush,Steez,,,,,20,5,8,7,14.33,8.33,3,3,0.33,-1.67,2,0,15,10,1.67,3.33,3,4,-3.33,2.33,,,,,,,,,,,,,,,,,4.33,-5.67,4.33,5.67,8,6.67,-3.33,4.67,0.67,-2,2.67,0,10.33,2.67,4.33,3.33,3,0,1,2,,,,,,,,,,,,,,,,,,,,,,,,,,,,,,,,,,,,,,,,,,,,,,,,,,,,,,,,,,,,,,,,,,,,,,,,,,,,,,,,,,,,,,,,
WDSF BfG Challenge Series - Tokyo 2046,1vs1 B-Boys Adult Top 16 KnockOut,Tsukki,Hiro10,Hiro10,2,5,0,2,3,7,Dyzee,G1,Lildragon,Rush,Steez,,,,,-13,-11,0.67,-2.67,9.67,3,3,3.67,3,0,1.33,1.67,-5.33,-6.67,3.67,-2.33,2.67,5.67,-4.67,1.67,,,,,,,,,,,,,,,,,3,7,-2.67,-1.33,11.67,5,2.67,4,1.67,-1.33,1.67,1.33,7.33,6.33,4,-3,-4,-2.33,-2.67,1,,,,,,,,,,,,,,,,,,,,,,,,,,,,,,,,,,,,,,,,,,,,,,,,,,,,,,,,,,,,,,,,,,,,,,,,,,,,,,,,,,,,,,,,
WDSF BfG Challenge Series - Tokyo 2047,1vs1 B-Boys Adult Top 16 KnockOut,Morris,Ra1on,Morris,3,5,2,1,8,7,Dyzee,G1,Lildragon,Rush,Steez,,,,,-0.67,5.33,-8.33,2.33,9.67,9,4,-3.33,2.67,1.67,1,0,14.67,12.33,-3.33,5.67,2.67,2.33,-2.33,2.67,,,,,,,,,,,,,,,,,-0.33,8.67,-5,-4,-10.67,0,-7.67,-3,-3.33,0,-2.33,-1,4.67,3.33,-2.67,4,1.33,2,-2.33,1.67,,,,,,,,,,,,,,,,,-7,12.67,-6.33,-13.33,-0.67,8,-4,-4.67,-3,0.67,-2.33,-1.33,5,5.33,2.67,-3,-2.33,-0.67,-3,1.33,,,,,,,,,,,,,,,,,,,,,,,,,,,,,,,,,,,,,,,,,,,,,,,,,,,,
WDSF BfG Challenge Series - Tokyo 2048,1vs1 B-Boys Adult Top 16 KnockOut,Yu-ki,Steezyskee,Steezyskee,2,5,0,2,1,9,Dyzee,G1,Lildragon,Rush,Steez,,,,,0.33,-9.67,0.67,9.33,1.67,-5.33,3,4,1.67,-1.67,1.67,1.67,2.67,-2.67,2.33,3,-0.33,-3,0.67,2,,,,,,,,,,,,,,,,,0.33,-7,-3.33,10.67,10.67,4,3,3.67,3.67,-1,2.33,2.33,2,3.33,-2.67,1.33,2,-2.33,2.33,2,,,,,,,,,,,,,,,,,,,,,,,,,,,,,,,,,,,,,,,,,,,,,,,,,,,,,,,,,,,,,,,,,,,,,,,,,,,,,,,,,,,,,,,,
WDSF BfG Challenge Series - Tokyo 2049,1vs1 B-Boys Adult Top 16 KnockOut,Taichi,Lilbom,Lilbom,2,5,0,2,1,9,Dyzee,G1,Lildragon,Rush,Steez,,,,,10.33,17.67,-11.33,4,15.33,7.67,2.67,5,0.33,1,0,-0.67,3,4,-3.33,2.33,-3.33,-2.33,-1.67,0.67,,,,,,,,,,,,,,,,,11,19,-12.67,4.67,8.33,6.33,-2.67,4.67,1.67,1,0.33,0.33,11.33,4.67,3.67,3,2.33,2.67,1,-1.33,,,,,,,,,,,,,,,,,,,,,,,,,,,,,,,,,,,,,,,,,,,,,,,,,,,,,,,,,,,,,,,,,,,,,,,,,,,,,,,,,,,,,,,,
WDSF BfG Challenge Series - Tokyo 2050,1vs1 B-Boys Adult Top 16 KnockOut,Issin,Toa,Issin,2,5,2,0,7,3,Dyzee,G1,Lildragon,Rush,Steez,,,,,1,-13.67,13.67,1,-7.33,-7.33,0,0,3,-2,2.33,2.67,-5,-4,3,-4,-5,-4,1,-2,,,,,,,,,,,,,,,,,3,-14.33,12.33,5,-8.67,-11,2.33,0,-4,-3.33,0,-0.67,-11.67,-6,-3,-2.67,-6,-3.67,1,-3.33,,,,,,,,,,,,,,,,,,,,,,,,,,,,,,,,,,,,,,,,,,,,,,,,,,,,,,,,,,,,,,,,,,,,,,,,,,,,,,,,,,,,,,,,
WDSF BfG Challenge Series - Tokyo 2051,1vs1 B-Boys Adult Top 16 KnockOut,Mighty Jimm,Vero,Vero,2,5,0,2,3,7,Dyzee,G1,Lildragon,Rush,Steez,,,,,3.67,-4.67,2.33,6,3,-3,1.67,4.33,1.67,0.67,2.33,-1.33,-1.33,4.33,-3.67,-2,1.67,2.67,-3,2,,,,,,,,,,,,,,,,,-0.33,6.67,-8,1,8.33,-3.33,4.33,7.33,1.33,1.67,1.67,-2,-10,-4,-2.67,-3.33,1.33,1.67,2,-2.33,,,,,,,,,,,,,,,,,,,,,,,,,,,,,,,,,,,,,,,,,,,,,,,,,,,,,,,,,,,,,,,,,,,,,,,,,,,,,,,,,,,,,,,,
WDSF BfG Challenge Series - Tokyo 2052,1vs1 B-Boys Adult Top 16 KnockOut,NORI,Onton,NORI,2,5,2,0,8,2,Dyzee,G1,Lildragon,Rush,Steez,,,,,1,-3.33,9.67,-5.33,-6.33,3,-4,-5.33,-4.33,0,-1.67,-2.67,-11.67,-5,-3,-3.67,-3,-3,1,-1,,,,,,,,,,,,,,,,,0.33,-4,8,-3.67,-17.33,-3,-7.33,-7,-4.67,-0.33,-3,-1.33,-12,-5,-3.67,-3.33,-6.33,-2.67,-1.67,-2,,,,,,,,,,,,,,,,,,,,,,,,,,,,,,,,,,,,,,,,,,,,,,,,,,,,,,,,,,,,,,,,,,,,,,,,,,,,,,,,,,,,,,,,
WDSF BfG Challenge Series - Tokyo 2053,1vs1 B-Boys Adult Top 16 KnockOut,Shigekix,Amin Drillz,Shigekix,2,5,2,0,10,0,Dyzee,G1,Lildragon,Rush,Steez,,,,,-2.67,4,-3.67,-3,-19.67,-8,-2,-9.67,-4.67,-2,-2.67,0,-10,-7,-2,-1,-11.33,-3.67,-5,-2.67,,,,,,,,,,,,,,,,,-27,-7,-5.67,-14.33,-22.67,-7,-4.67,-11,-4,-2.33,-1.67,0,-14.33,-6,-4.33,-4,-12.33,-3.67,-4.33,-4.33,,,,,,,,,,,,,,,,,,,,,,,,,,,,,,,,,,,,,,,,,,,,,,,,,,,,,,,,,,,,,,,,,,,,,,,,,,,,,,,,,,,,,,,,
WDSF BfG Challenge Series - Madrid 2022,1vs1 B-Girls Adult Top 16 KnockOut,Camine,Madmax,Madmax,2,5,0,2,3,7,Anxo Flava,Dora,Maikel Walker,Surprize,Xedo,,,,,0.67,-0.33,0.33,0.67,0.33,-1.67,0.33,1.67,-1.67,-1,1,-1.67,3.33,0,1.67,1.67,0.33,0,0,0.33,,,,,,,,,,,,,,,,,0.33,-2.33,1.67,1,-3,-3.33,0.33,0,-0.33,-2.33,-0.67,2.67,1,0.33,0.33,0.33,0.33,-0.33,0.33,0.33,,,,,,,,,,,,,,,,,,,,,,,,,,,,,,,,,,,,,,,,,,,,,,,,,,,,,,,,,,,,,,,,,,,,,,,,,,,,,,,,,,,,,,,,
WDSF BfG Challenge Series - Madrid 2023,1vs1 B-Girls Adult Top 16 KnockOut,Karina,Stefani,Stefani,2,5,0,2,0,10,Anxo Flava,Dora,Maikel Walker,Surprize,Xedo,,,,,1.67,-1.67,1.67,1.67,3.67,0,2,1.67,0.67,0.33,0,0.33,0.33,0,0,0.33,0.67,-1.67,1,1.33,,,,,,,,,,,,,,,,,0.33,-1.67,1.67,0.33,3,0,1.33,1.67,0.33,-0.33,0,0.67,2.67,0,1.33,1.33,0.33,-0.33,0.33,0.33,,,,,,,,,,,,,,,,,,,,,,,,,,,,,,,,,,,,,,,,,,,,,,,,,,,,,,,,,,,,,,,,,,,,,,,,,,,,,,,,,,,,,,,,
WDSF BfG Challenge Series - Madrid 2024,1vs1 B-Girls Adult Top 16 KnockOut,Karina,Camine,Camine,2,5,0,2,0,10,Anxo Flava,Dora,Maikel Walker,Surprize,Xedo,,,,,5.33,0.33,1.67,3.33,2.33,-0.67,1,2,1.67,0.67,0.67,0.33,4,0,1.67,2.33,0.33,0.33,0,0,,,,,,,,,,,,,,,,,3,-0.33,1.67,1.67,2,-2,2,2,1,0,0.33,0.67,1,0.33,0.33,0.33,3,0,1.67,1.33,,,,,,,,,,,,,,,,,,,,,,,,,,,,,,,,,,,,,,,,,,,,,,,,,,,,,,,,,,,,,,,,,,,,,,,,,,,,,,,,,,,,,,,,
WDSF BfG Challenge Series - Madrid 2025,1vs1 B-Girls Adult Top 16 KnockOut,Stefani,Madmax,Madmax,2,5,0,2,2,8,Anxo Flava,Dora,Maikel Walker,Surprize,Xedo,,,,,6.67,1.67,1.67,3.33,2.67,0,1.67,1,1.67,0.33,0.67,0.67,1,0.33,0.33,0.33,4.33,0,1.67,2.67,,,,,,,,,,,,,,,,,1.67,-1.67,1.67,1.67,5,1.67,1.33,2,0.67,0,0.33,0.33,-4,-3.67,-0.33,0,-0.33,0,0,-0.33,,,,,,,,,,,,,,,,,,,,,,,,,,,,,,,,,,,,,,,,,,,,,,,,,,,,,,,,,,,,,,,,,,,,,,,,,,,,,,,,,,,,,,,,
WDSF BfG Challenge Series - Madrid 2026,1vs1 B-Girls Adult Top 16 KnockOut,Karina,Eru,Karina,2,5,2,0,9,1,Anxo Flava,Dora,Maikel Walker,Surprize,Xedo,,,,,-5.33,-3.33,-0.33,-1.67,-3,-3,0,0,-1.67,-1.33,0,-0.33,-10.67,-3.33,-4,-3.33,-2.33,-1.67,-0.33,-0.33,,,,,,,,,,,,,,,,,0.33,-1.67,1.67,0.33,-3.33,-3.33,0,0,-0.67,-0.33,0,-0.33,-3.67,-3.67,0,0,-2.33,-1.67,-0.33,-0.33,,,,,,,,,,,,,,,,,,,,,,,,,,,,,,,,,,,,,,,,,,,,,,,,,,,,,,,,,,,,,,,,,,,,,,,,,,,,,,,,,,,,,,,,
WDSF BfG Challenge Series - Madrid 2027,1vs1 B-Girls Adult Top 16 KnockOut,Stefani,Killa Kim,Stefani,3,5,2,1,9,6,Anxo Flava,Dora,Maikel Walker,Surprize,Xedo,,,,,8.33,1.67,3.33,3.33,-4.33,-2.33,-2,0,-1.33,-0.33,-0.33,-0.67,-5,0,-2.67,-2.33,0.33,0.33,0,0,,,,,,,,,,,,,,,,,8.33,1.67,3.33,3.33,5.67,2,2,1.67,-0.33,0,-0.33,0,-2.67,-2,-1.67,1,0.33,0.33,0,0,,,,,,,,,,,,,,,,,1.67,-1.67,1.67,1.67,-2.67,-2.67,0,0,-0.33,-0.33,0,0,-1.33,-1.33,0,0,-1,-0.33,-0.33,-0.33,,,,,,,,,,,,,,,,,,,,,,,,,,,,,,,,,,,,,,,,,,,,,,,,,,,,
WDSF BfG Challenge Series - Madrid 2028,1vs1 B-Girls Adult Top 16 KnockOut,Camine,Jilou,Camine,3,5,2,1,7,8,Anxo Flava,Dora,Maikel Walker,Surprize,Xedo,,,,,2.67,1.33,0,1.33,2,3.33,-1.67,0.33,-1.67,0,0,-1.67,-0.33,-0.33,0,0,-0.67,-0.67,0,0,,,,,,,,,,,,,,,,,0.33,1.67,-1.67,0.33,3.33,2.33,1,0,1,0.33,0.33,0.33,0.67,-1.67,1,1.33,-0.33,0,-0.33,0,,,,,,,,,,,,,,,,,-3.67,-1.67,-1.67,-0.33,-5.33,-3,-2.33,0,0.67,0,0.33,0.33,-6,-2.33,-1.67,-2,0.33,0,0,0.33,,,,,,,,,,,,,,,,,,,,,,,,,,,,,,,,,,,,,,,,,,,,,,,,,,,,
WDSF BfG Challenge Series - Madrid 2029,1vs1 B-Girls Adult Top 16 KnockOut,Jia Li,Madmax,Madmax,2,5,0,2,2,8,Anxo Flava,Dora,Maikel Walker,Surprize,Xedo,,,,,1.67,-1.67,1.67,1.67,3,3,0,0,0.67,0,0.33,0.33,3,0,1.33,1.67,0.33,0,0,0.33,,,,,,,,,,,,,,,,,-0.33,-2,0.33,1.33,2,2,0,0,0.33,-0.33,0.33,0.33,2.67,0,1,1.67,-0.33,0,-0.33,0,,,,,,,,,,,,,,,,,,,,,,,,,,,,,,,,,,,,,,,,,,,,,,,,,,,,,,,,,,,,,,,,,,,,,,,,,,,,,,,,,,,,,,,,
WDSF BfG Challenge Series - Madrid 2030,1vs1 B-Girls Adult Top 16 KnockOut,Sinaya,Eru,Eru,2,5,0,2,3,7,Anxo Flava,Dora,Maikel Walker,Surprize,Xedo,,,,,5.67,5,0.33,0.33,1.67,1.67,1.33,-1.33,-0.67,-0.33,0,-0.33,1.67,1.33,1.67,-1.33,0.33,0.33,0,0,,,,,,,,,,,,,,,,,4,3.33,0.33,0.33,-2.67,0,-1,-1.67,-1,-0.33,0,-0.67,3,1,1,1,0.33,0.33,0,0,,,,,,,,,,,,,,,,,,,,,,,,,,,,,,,,,,,,,,,,,,,,,,,,,,,,,,,,,,,,,,,,,,,,,,,,,,,,,,,,,,,,,,,,
WDSF BfG Challenge Series - Madrid 2031,1vs1 B-Girls Adult Top 16 KnockOut,Jia Li,R ning,Jia Li,2,5,2,0,9,1,Anxo Flava,Dora,Maikel Walker,Surprize,Xedo,,,,,-5.33,-3.33,-0.33,-1.67,-1.67,-1.67,0,0,-0.33,0,-0.33,0,-2,-1.67,-0.33,0,-0.33,0,0,-0.33,,,,,,,,,,,,,,,,,-5.33,-3.33,-0.33,-1.67,-2.33,-2.33,0,0,0.33,0.67,0,-0.33,-5.33,0,-2,-3.33,-0.33,-0.33,0,0,,,,,,,,,,,,,,,,,,,,,,,,,,,,,,,,,,,,,,,,,,,,,,,,,,,,,,,,,,,,,,,,,,,,,,,,,,,,,,,,,,,,,,,,
WDSF BfG Challenge Series - Madrid 2032,1vs1 B-Girls Adult Top 16 KnockOut,Estrella,Killa Kim,Killa Kim,2,5,0,2,2,8,Anxo Flava,Dora,Maikel Walker,Surprize,Xedo,,,,,3.33,-1.67,3.33,1.67,2.33,-2.33,2.33,2.33,-0.33,-0.33,0.33,-0.33,3.33,0,1.67,1.67,-0.67,-0.33,0,-0.33,,,,,,,,,,,,,,,,,3.33,-1.67,1.67,3.33,2,-1.67,2,1.67,0.67,0.33,0,0.33,5.67,0,2.33,3.33,0.33,0.33,0,0,,,,,,,,,,,,,,,,,,,,,,,,,,,,,,,,,,,,,,,,,,,,,,,,,,,,,,,,,,,,,,,,,,,,,,,,,,,,,,,,,,,,,,,,
WDSF BfG Challenge Series - Madrid 2033,1vs1 B-Girls Adult Top 16 KnockOut,Furia,Jilou,Jilou,2,5,0,2,3,7,Anxo Flava,Dora,Maikel Walker,Surprize,Xedo,,,,,1.33,3.33,-0.33,-1.67,6,2,2.33,1.67,0.33,0.67,0,-0.33,-0.33,1,1,-2.33,-0.33,0.33,-0.33,-0.33,,,,,,,,,,,,,,,,,2.67,3.33,-0.33,-0.33,4.33,2.33,2,0,0.33,0.67,0,-0.33,0.67,0.33,0,0.33,-2.67,1,-2,-1.67,,,,,,,,,,,,,,,,,,,,,,,,,,,,,,,,,,,,,,,,,,,,,,,,,,,,,,,,,,,,,,,,,,,,,,,,,,,,,,,,,,,,,,,,
WDSF BfG Challenge Series - Madrid 2034,1vs1 B-Girls Adult Top 16 KnockOut,Messymel,Karina,Karina,2,5,0,2,0,10,Anxo Flava,Dora,Maikel Walker,Surprize,Xedo,,,,,2.67,3.33,-0.33,-0.33,4,4,0,0,0.33,1,-0.33,-0.33,1.33,1.67,-0.33,0,2.67,1.67,2,-1,,,,,,,,,,,,,,,,,1.33,3.33,-0.33,-1.67,4,4,0,0,1.33,1,0,0.33,0.33,0.33,0,0,3.67,1,1.33,1.33,,,,,,,,,,,,,,,,,,,,,,,,,,,,,,,,,,,,,,,,,,,,,,,,,,,,,,,,,,,,,,,,,,,,,,,,,,,,,,,,,,,,,,,,
WDSF BfG Challenge Series - Madrid 2035,1vs1 B-Girls Adult Top 16 KnockOut,Stefani,Tiff,Stefani,2,5,2,0,7,3,Anxo Flava,Dora,Maikel Walker,Surprize,Xedo,,,,,-5.33,-0.33,-3.33,-1.67,-1,2,-1.67,-1.33,0.67,0.67,0.33,-0.33,10,4.33,3,2.67,-0.33,0,0,-0.33,,,,,,,,,,,,,,,,,-5.33,-0.33,-1.67,-3.33,2.67,2.67,0,0,-0.67,0.33,-0.33,-0.67,-7,-2,-2.67,-2.33,-0.33,-0.33,0,0,,,,,,,,,,,,,,,,,,,,,,,,,,,,,,,,,,,,,,,,,,,,,,,,,,,,,,,,,,,,,,,,,,,,,,,,,,,,,,,,,,,,,,,,
WDSF BfG Challenge Series - Madrid 2036,1vs1 B-Girls Adult Top 16 KnockOut,Camine,Shortbread,Camine,2,5,2,0,10,0,Anxo Flava,Dora,Maikel Walker,Surprize,Xedo,,,,,-3.67,-1.67,-1.67,-0.33,-5.67,-2.33,-1.67,-1.67,-1.33,-0.67,-0.33,-0.33,-9.33,-4.33,-2.33,-2.67,-0.33,-0.33,0,0,,,,,,,,,,,,,,,,,-2.33,0,-0.33,-2,-5.33,-1.67,-3.33,-0.33,-5,-2,-2,-1,-1,-0.33,-0.33,-0.33,-1.33,-0.67,-0.33,-0.33,,,,,,,,,,,,,,,,,,,,,,,,,,,,,,,,,,,,,,,,,,,,,,,,,,,,,,,,,,,,,,,,,,,,,,,,,,,,,,,,,,,,,,,,
WDSF BfG Challenge Series - Madrid 2037,1vs1 B-Girls Adult Top 16 KnockOut,Fantasy,Madmax,Madmax,2,5,0,2,0,10,Anxo Flava,Dora,Maikel Walker,Surprize,Xedo,,,,,1.67,1.67,-1.67,1.67,6.67,0,3.33,3.33,2.67,1,0.67,1,10,3.33,3.33,3.33,5,1.67,1.67,1.67,,,,,,,,,,,,,,,,,3,1.67,-0.33,1.67,7,0,3.67,3.33,5,1.67,1.67,1.67,4,0,2.67,1.33,3.33,0,1.67,1.67,,,,,,,,,,,,,,,,,,,,,,,,,,,,,,,,,,,,,,,,,,,,,,,,,,,,,,,,,,,,,,,,,,,,,,,,,,,,,,,,,,,,,,,,
WDSF BfG Challenge Series - Madrid 2038,1vs1 B-Boys Adult Top 16 KnockOut,Xak,Kalmius,Xak,2,5,2,0,10,0,Anxo Flava,Dora,Maikel Walker,Surprize,Xedo,,,,,-4.33,0,-2.33,-2,-0.33,0,0,-0.33,-5.33,0,-3,-2.33,-8.33,-1.67,-3.33,-3.33,-1.33,-0.33,-0.33,-0.67,,,,,,,,,,,,,,,,,-4,0,-2,-2,-0.67,0,-0.33,-0.33,-4.33,0,-2,-2.33,-8.33,-1.67,-3.33,-3.33,-1.33,-0.67,-0.33,-0.33,,,,,,,,,,,,,,,,,,,,,,,,,,,,,,,,,,,,,,,,,,,,,,,,,,,,,,,,,,,,,,,,,,,,,,,,,,,,,,,,,,,,,,,,
WDSF BfG Challenge Series - Madrid 2039,1vs1 B-Boys Adult Top 16 KnockOut,Cis,Mini Joe,Mini Joe,3,5,1,2,7,8,Anxo Flava,Dora,Maikel Walker,Surprize,Xedo,,,,,-1.67,-1.67,0,0,-0.33,-0.33,0,0,-3.33,-3.33,0,0,3,-0.33,1.67,1.67,-1,-0.33,-0.33,-0.33,,,,,,,,,,,,,,,,,1.67,0,1.67,0,-0.33,0,-0.33,0,-4,0,-2,-2,6.67,1.67,1.67,3.33,1,0.33,0.33,0.33,,,,,,,,,,,,,,,,,2,0,0,2,0.33,0,0.33,0,1.67,0,0.67,1,-0.33,-1.67,1.67,-0.33,0.33,0.33,0.33,-0.33,,,,,,,,,,,,,,,,,,,,,,,,,,,,,,,,,,,,,,,,,,,,,,,,,,,,
WDSF BfG Challenge Series - Madrid 2040,1vs1 B-Boys Adult Top 16 KnockOut,Kalmius,Mini Joe,Kalmius,3,5,2,1,9,6,Anxo Flava,Dora,Maikel Walker,Surprize,Xedo,,,,,3,2,1,0,-0.33,-0.33,0,0,2.33,0,1,1.33,1.33,-1.67,-0.33,3.33,-1,-0.33,-0.33,-0.33,,,,,,,,,,,,,,,,,-2.33,-1,-1.33,0,-0.33,-0.33,0,0,-10,-3.67,-3.33,-3,5.33,2,1.67,1.67,-1,-0.67,-0.33,0,,,,,,,,,,,,,,,,,4.67,2.33,1.33,1,0.33,0.33,0,0,-3.33,-2,0.33,-1.67,-0.33,-1.67,-0.33,1.67,-0.33,0.33,-0.33,-0.33,,,,,,,,,,,,,,,,,,,,,,,,,,,,,,,,,,,,,,,,,,,,,,,,,,,,
WDSF BfG Challenge Series - Madrid 2041,1vs1 B-Boys Adult Top 16 KnockOut,Xak,Cis,Xak,2,5,2,0,9,1,Anxo Flava,Dora,Maikel Walker,Surprize,Xedo,,,,,-3.33,-1.33,-2,0,-0.33,0,0,-0.33,3,1.33,1.67,0,-2,1.67,-2,-1.67,-0.67,0,-0.33,-0.33,,,,,,,,,,,,,,,,,-4.33,-1.33,-1.67,-1.33,-1,-0.33,-0.33,-0.33,-8.33,-3,-2.67,-2.67,-7,-0.33,-3.33,-3.33,-1.67,-0.33,-0.67,-0.67,,,,,,,,,,,,,,,,,,,,,,,,,,,,,,,,,,,,,,,,,,,,,,,,,,,,,,,,,,,,,,,,,,,,,,,,,,,,,,,,,,,,,,,,
WDSF BfG Challenge Series - Madrid 2042,1vs1 B-Boys Adult Top 16 KnockOut,What21,Cis,Cis,2,5,0,2,2,8,Anxo Flava,Dora,Maikel Walker,Surprize,Xedo,,,,,0.33,2.33,-1.67,-0.33,0.67,0.33,0,0.33,-4.67,-1.67,-1.67,-1.33,2.67,3.33,-0.33,-0.33,-0.67,0.33,-0.67,-0.33,,,,,,,,,,,,,,,,,4.33,1.33,1,2,1,0.33,0.33,0.33,2.33,1,1.33,0,1.33,3.33,-0.33,-1.67,0.33,1,-0.33,-0.33,,,,,,,,,,,,,,,,,,,,,,,,,,,,,,,,,,,,,,,,,,,,,,,,,,,,,,,,,,,,,,,,,,,,,,,,,,,,,,,,,,,,,,,,
WDSF BfG Challenge Series - Madrid 2043,1vs1 B-Boys Adult Top 16 KnockOut,Lilma,Mini Joe,Mini Joe,2,5,0,2,3,7,Anxo Flava,Dora,Maikel Walker,Surprize,Xedo,,,,,5.33,2.33,1.33,1.67,-0.33,-0.33,0,0,6.67,2.67,1.67,2.33,7,0.33,3.33,3.33,0.33,0.33,-0.33,0.33,,,,,,,,,,,,,,,,,2.67,0,1,1.67,-0.33,0,0,-0.33,-14.33,-5.67,-4.67,-4,4.67,-0.33,1.67,3.33,0.33,0.33,0,0,,,,,,,,,,,,,,,,,,,,,,,,,,,,,,,,,,,,,,,,,,,,,,,,,,,,,,,,,,,,,,,,,,,,,,,,,,,,,,,,,,,,,,,,
WDSF BfG Challenge Series - Madrid 2044,1vs1 B-Boys Adult Top 16 KnockOut,Amin Drillz,Kalmius,Kalmius,2,5,0,2,0,10,Anxo Flava,Dora,Maikel Walker,Surprize,Xedo,,,,,4.67,1.67,1,2,1,0.33,0.33,0.33,0.33,-1.67,1,1,4.67,-0.33,1.67,3.33,1.67,0.67,0.67,0.33,,,,,,,,,,,,,,,,,1,-3.33,2,2.33,1,0.33,0.33,0.33,1.67,0,0.67,1,3.67,0.33,1.67,1.67,1.33,0.67,0.33,0.33,,,,,,,,,,,,,,,,,,,,,,,,,,,,,,,,,,,,,,,,,,,,,,,,,,,,,,,,,,,,,,,,,,,,,,,,,,,,,,,,,,,,,,,,
WDSF BfG Challenge Series - Madrid 2045,1vs1 B-Boys Adult Top 16 KnockOut,Quake,Xak,Xak,2,5,0,2,0,10,Anxo Flava,Dora,Maikel Walker,Surprize,Xedo,,,,,3.33,0,1.67,1.67,0.67,0,0.33,0.33,0.33,-1.33,0.33,1.33,3.33,-3.33,3.33,3.33,0.33,0,0.33,0,,,,,,,,,,,,,,,,,8,2.33,2.67,3,1,0.33,0.33,0.33,2.33,0,1,1.33,2,-1.67,3.33,0.33,1,0,0.67,0.33,,,,,,,,,,,,,,,,,,,,,,,,,,,,,,,,,,,,,,,,,,,,,,,,,,,,,,,,,,,,,,,,,,,,,,,,,,,,,,,,,,,,,,,,
WDSF BfG Challenge Series - Madrid 2046,1vs1 B-Boys Adult Top 16 KnockOut,Quake,Lil Dani,Quake,3,5,2,1,11,4,Anxo Flava,Dora,Maikel Walker,Surprize,Xedo,,,,,-3,-3,0,0,0.33,0,0.33,0,-4,0,-2,-2,0.33,-1.67,1.67,0.33,0.67,0,0.67,0,,,,,,,,,,,,,,,,,-2,-2,0,0,-0.33,-0.33,0,0,-4.67,-4.67,0,0,-4,-3.33,-0.33,-0.33,-1.67,-0.67,-0.67,-0.33,,,,,,,,,,,,,,,,,6,4,2,0,-1,-0.33,-0.33,-0.33,-5.67,-3,0,-2.67,-6.67,-3.33,-1.67,-1.67,-2,-0.67,-0.67,-0.67,,,,,,,,,,,,,,,,,,,,,,,,,,,,,,,,,,,,,,,,,,,,,,,,,,,,
WDSF BfG Challenge Series - Madrid 2047,1vs1 B-Boys Adult Top 16 KnockOut,Amin Drillz,XL,Amin Drillz,2,5,2,0,7,3,Anxo Flava,Dora,Maikel Walker,Surprize,Xedo,,,,,2,-3,2.67,2.33,-1,-0.33,-0.33,-0.33,1,-1.33,0.33,2,-8.33,-3.33,-1.67,-3.33,-0.33,-0.33,0,0,,,,,,,,,,,,,,,,,-3.67,-1.67,0,-2,-0.67,-0.33,0,-0.33,-6,-3,0,-3,-6.67,-3.33,-1.67,-1.67,0.67,0.33,0.33,0,,,,,,,,,,,,,,,,,,,,,,,,,,,,,,,,,,,,,,,,,,,,,,,,,,,,,,,,,,,,,,,,,,,,,,,,,,,,,,,,,,,,,,,,
WDSF BfG Challenge Series - Madrid 2048,1vs1 B-Boys Adult Top 16 KnockOut,Poter,What21,What21,2,5,0,2,2,8,Anxo Flava,Dora,Maikel Walker,Surprize,Xedo,,,,,5.33,2,1.67,1.67,-0.67,0,-0.33,-0.33,3.67,1,1.33,1.33,-3.67,-0.33,-1.67,-1.67,0.67,0.33,0.33,0,,,,,,,,,,,,,,,,,2.67,0,2.67,0,0.33,0,0.33,0,7,1.67,2,3.33,1,1.67,1.67,-2.33,1,0.33,0.33,0.33,,,,,,,,,,,,,,,,,,,,,,,,,,,,,,,,,,,,,,,,,,,,,,,,,,,,,,,,,,,,,,,,,,,,,,,,,,,,,,,,,,,,,,,,
WDSF BfG Challenge Series - Madrid 2049,1vs1 B-Boys Adult Top 16 KnockOut,Said,Lilma,Lilma,2,5,0,2,2,8,Anxo Flava,Dora,Maikel Walker,Surprize,Xedo,,,,,6.67,2.33,2.33,2,0.67,0.33,0,0.33,10,5.67,2,2.33,-1.67,3.33,-3.33,-1.67,1,0.67,0.33,0,,,,,,,,,,,,,,,,,3,0,1.33,1.67,0.33,0.33,0,0,8.67,5,1.33,2.33,-3.67,-0.33,-1.67,-1.67,1,0.33,0.33,0.33,,,,,,,,,,,,,,,,,,,,,,,,,,,,,,,,,,,,,,,,,,,,,,,,,,,,,,,,,,,,,,,,,,,,,,,,,,,,,,,,,,,,,,,,
WDSF BfG Challenge Series - Madrid 2050,1vs1 B-Boys Adult Top 16 KnockOut,Dunk,Cis,Cis,3,5,1,2,6,9,Anxo Flava,Dora,Maikel Walker,Surprize,Xedo,,,,,2.67,1.67,1,0,0.33,0.33,-0.33,0.33,2.33,0,1.33,1,-1.67,1.67,-1.67,-1.67,-0.33,0.33,-0.67,0,,,,,,,,,,,,,,,,,-4.67,-2,-1.33,-1.33,0.67,0,0.33,0.33,-4.67,0,-2,-2.67,-5.33,-0.33,-1.67,-3.33,0.33,0.33,0,0,,,,,,,,,,,,,,,,,2,3.33,0,-1.33,0.67,0.33,0,0.33,4.67,0,2,2.67,-1.67,0.33,-1.67,-0.33,0.33,0.33,-0.33,0.33,,,,,,,,,,,,,,,,,,,,,,,,,,,,,,,,,,,,,,,,,,,,,,,,,,,,
WDSF BfG Challenge Series - Madrid 2051,1vs1 B-Boys Adult Top 16 KnockOut,Deadly Dani,Mini Joe,Mini Joe,2,5,0,2,1,9,Anxo Flava,Dora,Maikel Walker,Surprize,Xedo,,,,,6.67,2.67,2.33,1.67,5,1.67,1.67,1.67,7.33,2.33,3,2,7,3.33,0.33,3.33,-0.33,0,-0.33,0,,,,,,,,,,,,,,,,,5.67,2.33,2,1.33,0.67,0.33,0,0.33,2.67,0,1.33,1.33,13.33,8.33,1.67,3.33,0.33,0.33,-0.33,0.33,,,,,,,,,,,,,,,,,,,,,,,,,,,,,,,,,,,,,,,,,,,,,,,,,,,,,,,,,,,,,,,,,,,,,,,,,,,,,,,,,,,,,,,,
WDSF BfG Challenge Series - Madrid 2052,1vs1 B-Boys Adult Top 16 KnockOut,Kalmius,Lil G,Kalmius,3,5,2,1,10,5,Anxo Flava,Dora,Maikel Walker,Surprize,Xedo,,,,,-1,1.67,-1.33,-1.33,-0.67,0,-0.33,-0.33,0.33,3.33,-1.67,-1.33,4.33,6.33,-1.67,-0.33,-0.33,0.67,-0.33,-0.67,,,,,,,,,,,,,,,,,3.67,2,1.67,0,-0.67,0,-0.33,-0.33,2.33,1,0.67,0.67,-0.33,3.33,-1.67,-2,0.33,0.67,-0.33,0,,,,,,,,,,,,,,,,,-5,-1.67,-1.33,-2,-1,-0.33,-0.33,-0.33,-7.67,-3.33,-2.33,-2,-5.33,-0.33,-3.33,-1.67,-2,-0.67,-0.67,-0.67,,,,,,,,,,,,,,,,,,,,,,,,,,,,,,,,,,,,,,,,,,,,,,,,,,,,
WDSF BfG Challenge Series - Madrid 2053,1vs1 B-Boys Adult Top 16 KnockOut,Lucky,Xak,Xak,2,5,0,2,2,8,Anxo Flava,Dora,Maikel Walker,Surprize,Xedo,,,,,2,0,0,2,0.33,0,0,0.33,-8,-3.33,-2.33,-2.33,1.33,-1.67,-0.33,3.33,1,0.33,0.33,0.33,,,,,,,,,,,,,,,,,4,0,2,2,0.67,0.33,0,0.33,-3.33,0,-1.67,-1.67,8.33,1.67,3.33,3.33,0.67,0,0.33,0.33,,,,,,,,,,,,,,,,,,,,,,,,,,,,,,,,,,,,,,,,,,,,,,,,,,,,,,,,,,,,,,,,,,,,,,,,,,,,,,,,,,,,,,,,