event	stage	breaker 1 (red)	breaker 2 (blue)	winner	battle rounds	number of judges	breaker 1 round wins	breaker 2 round wins	tie rounds	breaker 1 vote count	breaker 2 vote count	tie vote count	judge 1 name	judge 2 name	judge 3 name	judge 4 name	judge 5 name	judge 6 name	judge 7 name	judge 8 name	judge 9 name	r1j1over	r1j2over	r1j3over	r1j4over	r1j5over	r1j6over	r1j7over	r1j8over	r1j9over	r2j1over	r2j2over	r2j3over	r2j4over	r2j5over	r2j6over	r2j7over	r2j8over	r2j9over	r3j1over	r3j2over	r3j3over	r3j4over	r3j5over	r3j6over	r3j7over	r3j8over	r3j9over																
German Breaking Championship 2021	1vs1 BBoy Top 32 Knock-Out	Double D	Saïd	Double D	3	5	2	1	0	8	7	0	SkyChief	Admir	Chakal	Movie One	Gizmo					blue	blue	blue	blue	red					red	red	red	blue	red					red	blue	red	blue	red																				
German Breaking Championship 2021	1vs1 BBoy Top 32 Knock-Out	Sarro	Qube	Sarro	2	5	2	0	0	10	0	0	SkyChief	Admir	Chakal	Movie One	Gizmo					red	red	red	red	red					red	red	red	red	red																													
German Breaking Championship 2021	1vs1 BBoy Top 32 Knock-Out	Saïd	Qube	Saïd	3	5	2	1	0	12	3	0	SkyChief	Admir	Chakal	Movie One	Gizmo					blue	red	blue	red	blue					red	red	red	red	red					red	red	red	red	red																				
German Breaking Championship 2021	1vs1 BBoy Top 32 Knock-Out	Double D	Sarro	Double D	2	5	2	0	0	10	0	0	SkyChief	Admir	Chakal	Movie One	Gizmo					red	red	red	red	red					red	red	red	red	red																													
German Breaking Championship 2021	1vs1 BBoy Top 32 Knock-Out	Qube	Deadlydani	Qube	2	5	2	0	0	7	3	0	SkyChief	Admir	Chakal	Movie One	Gizmo					red	red	red	blue	red					red	blue	red	blue	red																													
German Breaking Championship 2021	1vs1 BBoy Top 32 Knock-Out	Phil	Saïd	Saïd	2	5	0	2	0	0	10	0	SkyChief	Admir	Chakal	Movie One	Gizmo					blue	blue	blue	blue	blue					blue	blue	blue	blue	blue																													
German Breaking Championship 2021	1vs1 BBoy Top 32 Knock-Out	Lafilove	Sarro	Sarro	3	5	1	2	0	8	7	0	SkyChief	Admir	Chakal	Movie One	Gizmo					red	blue	blue	blue	red					red	red	red	red	blue					red	blue	blue	blue	red																				
German Breaking Championship 2021	1vs1 BBoy Top 32 Knock-Out	Double D	Kidmark	Double D	2	5	2	0	0	10	0	0	SkyChief	Admir	Chakal	Movie One	Gizmo					red	red	red	red	red					red	red	red	red	red																													
German Breaking Championship 2021	1vs1 BBoy Top 32 Knock-Out	YosemiteSam	Deadlydani	Deadlydani	2	5	0	2	0	3	7	0	SkyChief	Admir	Chakal	Movie One	Gizmo					red	red	blue	blue	blue					blue	blue	red	blue	blue																													
German Breaking Championship 2021	1vs1 BBoy Top 32 Knock-Out	Qube	Mayo	Qube	2	5	2	0	0	8	2	0	SkyChief	Admir	Chakal	Movie One	Gizmo					red	blue	blue	red	red					red	red	red	red	red																													
German Breaking Championship 2021	1vs1 BBoy Top 32 Knock-Out	Saïd	Anton	Saïd	3	5	2	1	0	11	4	0	SkyChief	Admir	Chakal	Movie One	Gizmo					blue	red	blue	red	blue					red	red	red	red	red					red	red	blue	red	red																				
German Breaking Championship 2021	1vs1 BBoy Top 32 Knock-Out	Phil	Toschkin	Phil	2	5	2	0	0	7	3	0	SkyChief	Admir	Chakal	Movie One	Gizmo					red	red	red	blue	red					red	red	red	blue	blue																													
German Breaking Championship 2021	1vs1 BBoy Top 32 Knock-Out	Ali	Sarro	Sarro	2	5	0	2	0	2	8	0	SkyChief	Admir	Chakal	Movie One	Gizmo					blue	red	blue	red	blue					blue	blue	blue	blue	blue																													
German Breaking Championship 2021	1vs1 BBoy Top 32 Knock-Out	Lafilove	Freshman Cal	Lafilove	2	5	2	0	0	7	3	0	SkyChief	Admir	Chakal	Movie One	Gizmo					red	red	red	blue	red					red	blue	red	red	blue																													
German Breaking Championship 2021	1vs1 BBoy Top 32 Knock-Out	Kidmark	Wall D	Kidmark	2	5	2	0	0	7	3	0	SkyChief	Admir	Chakal	Movie One	Gizmo					red	blue	blue	red	red					red	red	red	red	blue																													
German Breaking Championship 2021	1vs1 BBoy Top 32 Knock-Out	Cicov	Double D	Double D	2	5	0	2	0	3	7	0	SkyChief	Admir	Chakal	Movie One	Gizmo					blue	blue	red	red	blue					blue	red	blue	blue	blue																													
German Breaking Championship 2021	1vs1 BBoy Top 32 Knock-Out	Reza	Deadlydani	Deadlydani	1	5	0	1	0	0	5	0	SkyChief	Admir	Chakal	Movie One	Gizmo					blue	blue	blue	blue	blue																																						
German Breaking Championship 2021	1vs1 BBoy Top 32 Knock-Out	YosemiteSam	Flo	YosemiteSam	1	5	1	0	0	4	1	0	SkyChief	Admir	Chakal	Movie One	Gizmo					red	red	red	blue	red																																						
German Breaking Championship 2021	1vs1 BBoy Top 32 Knock-Out	Samutilio	Mayo	Mayo	1	5	0	1	0	0	5	0	SkyChief	Admir	Chakal	Movie One	Gizmo					blue	blue	blue	blue	blue																																						
German Breaking Championship 2021	1vs1 BBoy Top 32 Knock-Out	Erik Daily	Qube	Qube	1	5	0	1	0	0	5	0	SkyChief	Admir	Chakal	Movie One	Gizmo					blue	blue	blue	blue	blue																																						
German Breaking Championship 2021	1vs1 BBoy Top 32 Knock-Out	Red Rock	Anton	Anton	1	5	0	1	0	0	5	0	SkyChief	Admir	Chakal	Movie One	Gizmo					blue	blue	blue	blue	blue																																						
German Breaking Championship 2021	1vs1 BBoy Top 32 Knock-Out	Saïd	Stike	Saïd	1	5	1	0	0	5	0	0	SkyChief	Admir	Chakal	Movie One	Gizmo					red	red	red	red	red																																						
German Breaking Championship 2021	1vs1 BBoy Top 32 Knock-Out	Toschkin	Denzko	Toschkin	1	5	1	0	0	5	0	0	SkyChief	Admir	Chakal	Movie One	Gizmo					red	red	red	red	red																																						
German Breaking Championship 2021	1vs1 BBoy Top 32 Knock-Out	Phil	Vic	Phil	1	5	1	0	0	5	0	0	SkyChief	Admir	Chakal	Movie One	Gizmo					red	red	red	red	red																																						
German Breaking Championship 2021	1vs1 BBoy Top 32 Knock-Out	Sarro	Soulex	Sarro	1	5	1	0	0	3	2	0	SkyChief	Admir	Chakal	Movie One	Gizmo					blue	red	red	blue	red																																						
German Breaking Championship 2021	1vs1 BBoy Top 32 Knock-Out	Artform	Ali	Ali	1	5	0	1	0	2	3	0	SkyChief	Admir	Chakal	Movie One	Gizmo					blue	red	blue	blue	red																																						
German Breaking Championship 2021	1vs1 BBoy Top 32 Knock-Out	Jamal	Freshman Cal	Freshman Cal	1	5	0	1	0	1	4	0	SkyChief	Admir	Chakal	Movie One	Gizmo					blue	red	blue	blue	blue																																						
German Breaking Championship 2021	1vs1 BBoy Top 32 Knock-Out	Noindex	Lafilove	Lafilove	1	5	0	1	0	2	3	0	SkyChief	Admir	Chakal	Movie One	Gizmo					blue	red	blue	red	blue																																						
German Breaking Championship 2021	1vs1 BBoy Top 32 Knock-Out	Wall D	Laws	Wall D	1	5	1	0	0	5	0	0	SkyChief	Admir	Chakal	Movie One	Gizmo					red	red	red	red	red																																						
German Breaking Championship 2021	1vs1 BBoy Top 32 Knock-Out	Tayfun	Kidmark	Kidmark	1	5	0	1	0	2	3	0	SkyChief	Admir	Chakal	Movie One	Gizmo					blue	blue	red	red	blue																																						
German Breaking Championship 2021	1vs1 BBoy Top 32 Knock-Out	Robin	Double D	Double D	1	5	0	1	0	0	5	0	SkyChief	Admir	Chakal	Movie One	Gizmo					blue	blue	blue	blue	blue																																						
German Breaking Championship 2021	1vs1 BBoy Top 32 Knock-Out	Hungyeol	Cicov	Cicov	1	5	0	1	0	0	5	0	SkyChief	Admir	Chakal	Movie One	Gizmo					blue	blue	blue	blue	blue																																						
German Breaking Championship 2021	1vs1 BGirl Top 16 Knock-Out	Pauline	Jilou	Jilou	2	5	0	2	0	0	10	0	SkyChief	Admir	Chakal	Movie One	Gizmo					blue	blue	blue	blue	blue					blue	blue	blue	blue	blue																													
German Breaking Championship 2021	1vs1 BGirl Top 16 Knock-Out	Alicia	Naomi	Alicia	2	5	2	0	0	7	3	0	SkyChief	Admir	Chakal	Movie One	Gizmo					blue	red	blue	red	red					red	red	blue	red	red																													
German Breaking Championship 2021	1vs1 BGirl Top 16 Knock-Out	Naomi	Jilou	Jilou	2	5	0	2	0	0	10	0	SkyChief	Admir	Chakal	Movie One	Gizmo					blue	blue	blue	blue	blue					blue	blue	blue	blue	blue																													
German Breaking Championship 2021	1vs1 BGirl Top 16 Knock-Out	Alicia	Pauline	Pauline	2	5	0	2	0	1	9	0	SkyChief	Admir	Chakal	Movie One	Gizmo					blue	blue	blue	blue	red					blue	blue	blue	blue	blue																													
German Breaking Championship 2021	1vs1 BGirl Top 16 Knock-Out	Sude	Jilou	Jilou	2	5	0	2	0	3	7	0	SkyChief	Admir	Chakal	Movie One	Gizmo					blue	blue	blue	red	blue					blue	red	blue	blue	red																													
German Breaking Championship 2021	1vs1 BGirl Top 16 Knock-Out	Lou	Naomi	Naomi	2	5	0	2	0	2	8	0	SkyChief	Admir	Chakal	Movie One	Gizmo					red	red	blue	blue	blue					blue	blue	blue	blue	blue																													
German Breaking Championship 2021	1vs1 BGirl Top 16 Knock-Out	Neeli	Pauline	Pauline	2	5	0	2	0	0	10	0	SkyChief	Admir	Chakal	Movie One	Gizmo					blue	blue	blue	blue	blue					blue	blue	blue	blue	blue																													
German Breaking Championship 2021	1vs1 BGirl Top 16 Knock-Out	Alicia	Ida	Alicia	3	5	2	1	0	11	4	0	SkyChief	Admir	Chakal	Movie One	Gizmo					red	blue	blue	red	blue					red	red	blue	red	red					red	red	red	red	red																				
German Breaking Championship 2021	1vs1 BGirl Top 16 Knock-Out	Jilou	Manu	Jilou	2	5	2	0	0	10	0	0	SkyChief	Admir	Chakal	Movie One	Gizmo					red	red	red	red	red					red	red	red	red	red																													
German Breaking Championship 2021	1vs1 BGirl Top 16 Knock-Out	Elina	Sude	Sude	2	5	0	2	0	1	9	0	SkyChief	Admir	Chakal	Movie One	Gizmo					blue	blue	red	blue	blue					blue	blue	blue	blue	blue																													
German Breaking Championship 2021	1vs1 BGirl Top 16 Knock-Out	Ghenet	Naomi	Naomi	2	5	0	2	0	1	9	0	SkyChief	Admir	Chakal	Movie One	Gizmo					red	blue	blue	blue	blue					blue	blue	blue	blue	blue																													
German Breaking Championship 2021	1vs1 BGirl Top 16 Knock-Out	Lou	Drastic	Lou	2	5	2	0	0	10	0	0	SkyChief	Admir	Chakal	Movie One	Gizmo					red	red	red	red	red					red	red	red	red	red																													
German Breaking Championship 2021	1vs1 BGirl Top 16 Knock-Out	Pauline	Nadja	Pauline	2	5	2	0	0	10	0	0	SkyChief	Admir	Chakal	Movie One	Gizmo					red	red	red	red	red					red	red	red	red	red																													
German Breaking Championship 2021	1vs1 BGirl Top 16 Knock-Out	Neeli	Viola Luba	Neeli	3	5	2	1	0	7	8	0	SkyChief	Admir	Chakal	Movie One	Gizmo					red	blue	blue	red	red					blue	blue	blue	blue	blue					red	red	blue	red	red																				
German Breaking Championship 2021	1vs1 BGirl Top 16 Knock-Out	Ida	Joëlle	Ida	2	5	2	0	0	10	0	0	SkyChief	Admir	Chakal	Movie One	Gizmo					red	red	red	red	red					red	red	red	red	red																													
German Breaking Championship 2021	1vs1 BGirl Top 16 Knock-Out	Tina	Alicia	Alicia	3	5	1	2	0	5	10	0	SkyChief	Admir	Chakal	Movie One	Gizmo					blue	blue	red	blue	blue					red	blue	red	red	blue					red	blue	blue	blue	blue																				
Groove E Session 2020	1vs1 Groove E Session Final Knock-Out	Tsukki	Grom	Grom	3	3	1	2	0	3	6	0	RoxRite	Shlag	Xak							red	red	red							blue	blue	blue							blue	blue	blue																						
Castle Rock Jam & Battle - Vol. 1 2019	1vs1 Breaking Top 8 Knock-Out	Lee-On	Rico	Lee-On	2	5	2	0	0	9	1	0	Ibot	Marox	Primary Vic	Hynamite	Istwan					red	red	red	red	red					red	blue	red	red	red																													
Castle Rock Jam & Battle - Vol. 1 2019	1vs1 Breaking Top 8 Knock-Out	Maik MD	Rico	Rico	2	5	0	2	0	2	8	0	Ibot	Marox	Primary Vic	Hynamite	Istwan					blue	blue	blue	blue	red					blue	blue	red	blue	blue																													
Castle Rock Jam & Battle - Vol. 1 2019	1vs1 Breaking Top 8 Knock-Out	Lee-On	Sakul	Lee-On	3	5	2	1	0	11	4	0	Ibot	Marox	Primary Vic	Hynamite	Istwan					red	red	red	red	red					red	blue	blue	blue	blue					red	red	red	red	red																				
Castle Rock Jam & Battle - Vol. 1 2019	1vs1 Breaking Top 8 Knock-Out	Max	Rico	Rico	1	5	0	1	0	0	5	0	Ibot	Marox	Primary Vic	Hynamite	Istwan					blue	blue	blue	blue	blue																																						
Castle Rock Jam & Battle - Vol. 1 2019	1vs1 Breaking Top 8 Knock-Out	Maik MD	Anna-Lia	Maik MD	1	5	1	0	0	5	0	0	Ibot	Marox	Primary Vic	Hynamite	Istwan					red	red	red	red	red																																						
Castle Rock Jam & Battle - Vol. 1 2019	1vs1 Breaking Top 8 Knock-Out	Lolo	Sakul	Sakul	1	5	0	1	0	0	5	0	Ibot	Marox	Primary Vic	Hynamite	Istwan					blue	blue	blue	blue	blue																																						
Castle Rock Jam & Battle - Vol. 1 2019	1vs1 Breaking Top 8 Knock-Out	Lee-On	Jonas	Lee-On	1	5	1	0	0	5	0	0	Ibot	Marox	Primary Vic	Hynamite	Istwan					red	red	red	red	red																																						
German Breaking Championship 2019	1vs1 BBoy Top 8 Knock-Out	NoIndex	Double D	Double D	2	5	0	2	0	2	8	0	Lehmi	Jilou	Speedy	Mallekid	Chau-Lin					blue	blue	red	blue	blue					blue	blue	red	blue	blue																													
German Breaking Championship 2019	1vs1 BBoy Top 8 Knock-Out	Double D	Rossi	Double D	2	5	2	0	0	9	1	0	Lehmi	Jilou	Speedy	Mallekid	Chau-Lin					red	red	blue	red	red					red	red	red	red	red																													
German Breaking Championship 2019	1vs1 BBoy Top 8 Knock-Out	NoIndex	Denzko	NoIndex	2	5	2	0	0	10	0	0	Lehmi	Jilou	Speedy	Mallekid	Chau-Lin					red	red	red	red	red					red	red	red	red	red																													
German Breaking Championship 2019	1vs1 BBoy Top 8 Knock-Out	Rossi	Bobby Balboa	Rossi	3	5	2	1	0	10	5	0	Lehmi	Jilou	Speedy	Mallekid	Chau-Lin					red	red	red	blue	red					blue	red	blue	blue	blue					red	red	red	red	red																				
German Breaking Championship 2019	1vs1 BBoy Top 8 Knock-Out	WalD	Double D	Double D	3	5	1	2	0	3	11	1	Lehmi	Jilou	Speedy	Mallekid	Chau-Lin					red	red	red	blue	blue					blue	blue	blue	blue	blue					blue	blue	blue	blue	tie																				
German Breaking Championship 2019	1vs1 BBoy Top 8 Knock-Out	ZIPPO	Denzko	Denzko	2	5	0	2	0	1	9	0	Lehmi	Jilou	Speedy	Mallekid	Chau-Lin					red	blue	blue	blue	blue					blue	blue	blue	blue	blue																													
German Breaking Championship 2019	1vs1 BBoy Top 8 Knock-Out	NoIndex	Jamal	NoIndex	2	5	2	0	0	10	0	0	Lehmi	Jilou	Speedy	Mallekid	Chau-Lin					red	red	red	red	red					red	red	red	red	red																													
German Breaking Championship 2019	1vs1 BGirl Top 8 Knock-Out	Pauline	Alicia	Pauline	2	5	2	0	0	8	2	0	Lehmi	Jilou	Speedy	Mallekid	Chau-Lin					red	red	red	red	red					blue	blue	red	red	red																													
German Breaking Championship 2019	1vs1 BGirl Top 8 Knock-Out	Alicia	Joëlle (LL)	Alicia	3	5	2	1	0	8	7	0	Lehmi	Jilou	Speedy	Mallekid	Chau-Lin					red	red	red	blue	blue					blue	red	red	blue	blue					red	blue	red	blue	red																				
German Breaking Championship 2019	1vs1 BGirl Top 8 Knock-Out	Pauline	Joanna	Pauline	3	5	2	1	0	9	6	0	Lehmi	Jilou	Speedy	Mallekid	Chau-Lin					red	red	red	blue	red					blue	blue	blue	blue	red					blue	red	red	red	red																				
German Breaking Championship 2019	1vs1 BGirl Top 8 Knock-Out	Bitu	Joëlle (LL)	Joëlle (LL)	2	5	0	2	0	1	9	0	Lehmi	Jilou	Speedy	Mallekid	Chau-Lin					red	blue	blue	blue	blue					blue	blue	blue	blue	blue																													
German Breaking Championship 2019	1vs1 BGirl Top 8 Knock-Out	Alicia	Joëlle	Alicia	2	5	2	0	0	7	3	0	Lehmi	Jilou	Speedy	Mallekid	Chau-Lin					red	red	red	red	blue					blue	red	red	blue	red																													
German Breaking Championship 2019	1vs1 BGirl Top 8 Knock-Out	Naomi	Joanna	Joanna	2	5	0	2	0	1	9	0	Lehmi	Jilou	Speedy	Mallekid	Chau-Lin					blue	blue	blue	blue	red					blue	blue	blue	blue	blue																													
German Breaking Championship 2019	1vs1 BGirl Top 8 Knock-Out	Pauline	ThaiBreak	Pauline	2	5	2	0	0	8	2	0	Lehmi	Jilou	Speedy	Mallekid	Chau-Lin					red	red	red	red	blue					red	red	red	blue	red																													
Taipei BBoy City 2018	1vs1 Undisputed Top 16 Knock-Out	Onel	Lego Sam	Onel	4	5	3	1	0	12	7	1	Freeze	Felix	Ken Swift	Lil Dragon	Ayumi					blue	blue	red	red	red					blue	red	blue	red	red					blue	red	blue	blue	red					red	red	tie	red	red											
Taipei BBoy City 2018	1vs1 Undisputed Top 16 Knock-Out	Kuzya	Lego Sam	Lego Sam	2	5	0	2	0	4	6	0	Freeze	Felix	Ken Swift	Lil Dragon	Ayumi					red	blue	blue	blue	red					blue	blue	blue	red	red																													
Taipei BBoy City 2018	1vs1 Undisputed Top 16 Knock-Out	Onel	Jamal	Onel	2	5	2	0	0	8	2	0	Freeze	Felix	Ken Swift	Lil Dragon	Ayumi					red	blue	red	red	blue					red	red	red	red	red																													
Taipei BBoy City 2018	1vs1 Undisputed Top 16 Knock-Out	Lego Sam	Sam	Lego Sam	2	5	2	0	0	8	2	0	Freeze	Felix	Ken Swift	Lil Dragon	Ayumi					red	red	blue	red	red					red	red	red	red	blue																													
Taipei BBoy City 2018	1vs1 Undisputed Top 16 Knock-Out	Knine	Kuzya	Kuzya	2	5	0	2	0	0	10	0	Freeze	Felix	Ken Swift	Lil Dragon	Ayumi					blue	blue	blue	blue	blue					blue	blue	blue	blue	blue																													
Taipei BBoy City 2018	1vs1 Undisputed Top 16 Knock-Out	Jamal	Sky	Jamal	3	5	2	1	0	9	4	2	Freeze	Felix	Ken Swift	Lil Dragon	Ayumi					red	blue	red	red	red					blue	blue	blue	red	red					red	tie	red	tie	red																				
Taipei BBoy City 2018	1vs1 Undisputed Top 16 Knock-Out	Lussy Sky	Onel	Onel	2	5	0	2	0	4	6	0	Freeze	Felix	Ken Swift	Lil Dragon	Ayumi					blue	blue	blue	red	red					red	blue	blue	red	blue																													
Taipei BBoy City 2018	1vs1 Undisputed Top 16 Knock-Out	Panda	Sam	Sam	3	5	1	2	0	7	8	0	Freeze	Felix	Ken Swift	Lil Dragon	Ayumi					blue	red	blue	blue	red					red	blue	red	blue	red					red	blue	blue	blue	red																				
Taipei BBoy City 2018	1vs1 Undisputed Top 16 Knock-Out	Lego Sam	Shigekix	Lego Sam	3	5	2	1	0	8	4	3	Freeze	Felix	Ken Swift	Lil Dragon	Ayumi					red	red	blue	blue	blue					red	red	tie	red	red					red	tie	blue	tie	red																				
Taipei BBoy City 2018	1vs1 Undisputed Top 16 Knock-Out	Ami	Kuzya	Kuzya	2	5	0	2	0	0	10	0	Freeze	Felix	Ken Swift	Lil Dragon	Ayumi					blue	blue	blue	blue	blue					blue	blue	blue	blue	blue																													
Taipei BBoy City 2018	1vs1 Undisputed Top 16 Knock-Out	Knine	Bbosa	Knine	2	5	2	0	0	9	1	0	Freeze	Felix	Ken Swift	Lil Dragon	Ayumi					red	red	red	red	red					red	red	blue	red	red																													
Taipei BBoy City 2018	1vs1 Undisputed Top 16 Knock-Out	Duk	Sky	Sky	2	5	0	2	0	2	8	0	Freeze	Felix	Ken Swift	Lil Dragon	Ayumi					blue	blue	blue	blue	blue					blue	red	blue	blue	red																													
Taipei BBoy City 2018	1vs1 Undisputed Top 16 Knock-Out	Jamal	Mounir	Jamal	2	5	2	0	0	7	2	1	Freeze	Felix	Ken Swift	Lil Dragon	Ayumi					red	blue	tie	red	red					red	blue	red	red	red																													
Taipei BBoy City 2018	1vs1 Undisputed Top 16 Knock-Out	Onel	Noé	Onel	4	5	2	1	1	10	9	1	Freeze	Felix	Ken Swift	Lil Dragon	Ayumi					red	red	red	red	red					blue	blue	blue	blue	blue					blue	red	blue	tie	red					blue	red	red	blue	red											
Taipei BBoy City 2018	1vs1 Undisputed Top 16 Knock-Out	T.Swing	Lussy Sky	Lussy Sky	2	5	0	2	0	0	10	0	Freeze	Felix	Ken Swift	Lil Dragon	Ayumi					blue	blue	blue	blue	blue					blue	blue	blue	blue	blue																													
Solverde World Battle - The B-Boy Gala 2018	1vs1 Breaking Top 8 Knock-Out	Kuzya	Ratin	Kuzya	3	3	3	0	0	9	0	0	Greku	Kid Glyde	Kawa							red	red	red							red	red	red							red	red	red																						
Solverde World Battle - The B-Boy Gala 2018	1vs1 Breaking Top 8 Knock-Out	Ratin	Foundkid	Ratin	3	3	2	1	0	6	3	0	Greku	Kid Glyde	Kawa							blue	blue	blue							red	red	red							red	red	red																						
Solverde World Battle - The B-Boy Gala 2018	1vs1 Breaking Top 8 Knock-Out	Kuzya	Lorenzo	Kuzya	2	3	2	0	0	5	1	0	Greku	Kid Glyde	Kawa							red	red	red							red	blue	red																															
Solverde World Battle - The B-Boy Gala 2018	1vs1 Breaking Top 8 Knock-Out	Kazuki Rok	Foundkid	Foundkid	2	3	0	2	0	2	4	0	Greku	Kid Glyde	Kawa							blue	blue	red							blue	red	blue																															
Solverde World Battle - The B-Boy Gala 2018	1vs1 Breaking Top 8 Knock-Out	Johnny Fox	Ratin	Ratin	3	3	1	2	0	4	5	0	Greku	Kid Glyde	Kawa							red	blue	red							blue	red	blue							blue	blue	red																						
Solverde World Battle - The B-Boy Gala 2018	1vs1 Breaking Top 8 Knock-Out	Lorenzo	Nastya	Lorenzo	2	3	2	0	0	6	0	0	Greku	Kid Glyde	Kawa							red	red	red							red	red	red																															
Solverde World Battle - The B-Boy Gala 2018	1vs1 Breaking Top 8 Knock-Out	Kuzya	Perninha	Kuzya	2	3	2	0	0	6	0	0	Greku	Kid Glyde	Kawa							red	red	red							red	red	red																															
Green Panda Festival 2018	1vs1 Undisputed B-Boy Top 16 Knock-Out	Gun	Lil G	Lil G	3	5	1	2	0	6	9	0	Ken Swift	Poe One	Reveal	Kid David	Kowloon					red	red	red	red	blue					blue	blue	blue	blue	blue					blue	red	blue	red	blue																				
Green Panda Festival 2018	1vs1 Undisputed B-Boy Top 16 Knock-Out	Vicious	Lil G	Lil G	3	5	0	2	1	2	12	1	Ken Swift	Poe One	Reveal	Kid David	Kowloon					blue	blue	blue	blue	blue					blue	red	red	blue	tie					blue	blue	blue	blue	blue																				
Green Panda Festival 2018	1vs1 Undisputed B-Boy Top 16 Knock-Out	River	Gun	Gun	2	5	0	2	0	1	8	1	Ken Swift	Poe One	Reveal	Kid David	Kowloon					tie	blue	red	blue	blue					blue	blue	blue	blue	blue																													
Green Panda Festival 2018	1vs1 Undisputed B-Boy Top 16 Knock-Out	Sniper	Lil G	Lil G	3	5	1	2	0	4	10	1	Ken Swift	Poe One	Reveal	Kid David	Kowloon					blue	blue	blue	blue	blue					red	tie	red	red	red					blue	blue	blue	blue	blue																				
Green Panda Festival 2018	1vs1 Undisputed B-Boy Top 16 Knock-Out	Davy	Vicious	Vicious	3	5	0	2	1	3	10	2	Ken Swift	Poe One	Reveal	Kid David	Kowloon					tie	blue	blue	red	blue					blue	red	red	blue	tie					blue	blue	blue	blue	blue																				
Green Panda Festival 2018	1vs1 Undisputed B-Boy Top 16 Knock-Out	Gun	Disa	Gun	3	5	2	1	0	7	8	0	Ken Swift	Poe One	Reveal	Kid David	Kowloon					blue	blue	blue	blue	blue					blue	red	red	blue	red					red	red	blue	red	red																				
Green Panda Festival 2018	1vs1 Undisputed B-Boy Top 16 Knock-Out	Panda	River	River	2	5	0	2	0	1	9	0	Ken Swift	Poe One	Reveal	Kid David	Kowloon					blue	blue	blue	red	blue					blue	blue	blue	blue	blue																													
Green Panda Festival 2018	1vs1 Undisputed B-Boy Top 16 Knock-Out	Lil G	Undercut	Lil G	2	5	2	0	0	10	0	0	Ken Swift	Poe One	Reveal	Kid David	Kowloon					red	red	red	red	red					red	red	red	red	red																													
Green Panda Festival 2018	1vs1 Undisputed B-Boy Top 16 Knock-Out	Wenlong	Sniper	Sniper	2	5	0	2	0	2	8	0	Ken Swift	Poe One	Reveal	Kid David	Kowloon					blue	blue	blue	red	red					blue	blue	blue	blue	blue																													
Green Panda Festival 2018	1vs1 Undisputed B-Boy Top 16 Knock-Out	Vicious	Chenie Chen	Vicious	4	5	2	1	1	12	6	2	Ken Swift	Poe One	Reveal	Kid David	Kowloon					blue	blue	blue	blue	red					blue	red	red	blue	tie					tie	red	red	red	red					red	red	red	red	red											
Green Panda Festival 2018	1vs1 Undisputed B-Boy Top 16 Knock-Out	YDJ	Davy	Davy	3	5	1	2	0	6	8	1	Ken Swift	Poe One	Reveal	Kid David	Kowloon					red	red	red	red	blue					red	red	blue	blue	blue					blue	blue	blue	tie	blue																				
Green Panda Festival 2018	1vs1 Undisputed B-Boy Top 16 Knock-Out	Disa	Breath	Disa	2	5	2	0	0	10	0	0	Ken Swift	Poe One	Reveal	Kid David	Kowloon					red	red	red	red	red					red	red	red	red	red																													
Green Panda Festival 2018	1vs1 Undisputed B-Boy Top 16 Knock-Out	Gun	Cafrey Cat	Gun	3	5	2	1	0	11	4	0	Ken Swift	Poe One	Reveal	Kid David	Kowloon					blue	red	blue	blue	blue					red	red	red	red	red					red	red	red	red	red																				
Green Panda Festival 2018	1vs1 Undisputed B-Boy Top 16 Knock-Out	Karma	River	River	2	5	0	2	0	3	7	0	Ken Swift	Poe One	Reveal	Kid David	Kowloon					red	red	blue	blue	blue					blue	blue	blue	red	blue																													
Green Panda Festival 2018	1vs1 Undisputed B-Boy Top 16 Knock-Out	Zip Rock	Panda	Panda	3	5	1	2	0	5	10	0	Ken Swift	Poe One	Reveal	Kid David	Kowloon					red	blue	red	blue	red					blue	blue	blue	blue	blue					blue	blue	red	red	blue																				
Nothing But Flavor Festival 2018	1vs1 BOTK Breaking Kids Top 8 Knock-Out	Lucky	Lotus	Lucky	3	3	2	1	0	4	5	0	Jaekwon	Jazzy Jes	Sambo							red	blue	red							blue	blue	blue							blue	red	red																						
Nothing But Flavor Festival 2018	1vs1 BOTK Breaking Kids Top 8 Knock-Out	Moras	Lotus	Lotus	2	3	0	2	0	0	6	0	Jaekwon	Jazzy Jes	Sambo							blue	blue	blue							blue	blue	blue																															
Nothing But Flavor Festival 2018	1vs1 BOTK Breaking Kids Top 8 Knock-Out	Lucky	ErikFrost	Lucky	2	3	2	0	0	6	0	0	Jaekwon	Jazzy Jes	Sambo							red	red	red							red	red	red																															
Nothing But Flavor Festival 2018	1vs1 BOTK Breaking Kids Top 8 Knock-Out	Lotus	Glebasheet	Lotus	1	3	1	0	0	2	1	0	Jaekwon	Jazzy Jes	Sambo							red	red	blue																																								
Nothing But Flavor Festival 2018	1vs1 BOTK Breaking Kids Top 8 Knock-Out	Lee-On	Moras	Moras	1	3	0	1	0	0	3	0	Jaekwon	Jazzy Jes	Sambo							blue	blue	blue																																								
Nothing But Flavor Festival 2018	1vs1 BOTK Breaking Kids Top 8 Knock-Out	Smile	ErikFrost	ErikFrost	1	3	0	1	0	1	2	0	Jaekwon	Jazzy Jes	Sambo							blue	blue	red																																								
Nothing But Flavor Festival 2018	1vs1 BOTK Breaking Kids Top 8 Knock-Out	E-Meal	Lucky	Lucky	1	3	0	1	0	1	2	0	Jaekwon	Jazzy Jes	Sambo							blue	red	blue																																								
Nothing But Flavor Festival 2018	1vs1 BOTK Breaking Minis Top 8 Knock-Out	Mini Max	Amanda	Mini Max	2	3	2	0	0	5	1	0	Jaekwon	Jazzy Jes	Sambo							red	red	red							red	blue	red																															
Nothing But Flavor Festival 2018	1vs1 BOTK Breaking Minis Top 8 Knock-Out	Amanda	Dj Edgar	Amanda	4	3	2	1	1	6	4	2	Jaekwon	Jazzy Jes	Sambo							blue	blue	blue							red	red	tie							blue	red	tie							red	red	red													
Nothing But Flavor Festival 2018	1vs1 BOTK Breaking Minis Top 8 Knock-Out	Wear	Mini Max	Mini Max	2	3	0	2	0	0	6	0	Jaekwon	Jazzy Jes	Sambo							blue	blue	blue							blue	blue	blue																															
Nothing But Flavor Festival 2018	1vs1 BOTK Breaking Minis Top 8 Knock-Out	Little Cheese	Dj Edgar	Dj Edgar	1	3	0	1	0	0	3	0	Jaekwon	Jazzy Jes	Sambo							blue	blue	blue																																								
Nothing But Flavor Festival 2018	1vs1 BOTK Breaking Minis Top 8 Knock-Out	Sky II	Amanda	Amanda	1	3	0	1	0	0	3	0	Jaekwon	Jazzy Jes	Sambo							blue	blue	blue																																								
Nothing But Flavor Festival 2018	1vs1 BOTK Breaking Minis Top 8 Knock-Out	Paco	Mini Max	Mini Max	1	3	0	1	0	0	3	0	Jaekwon	Jazzy Jes	Sambo							blue	blue	blue																																								
Nothing But Flavor Festival 2018	1vs1 BOTK Breaking Minis Top 8 Knock-Out	Elena	Wear	Wear	1	3	0	1	0	0	3	0	Jaekwon	Jazzy Jes	Sambo							blue	blue	blue																																								
Nothing But Flavor Festival 2018	1vs1 BOTK Breaking Teens Top 16 Knock-Out	Marox	Nixter	Marox	2	3	2	0	0	5	0	1	Jaekwon	Jazzy Jes	Sambo							red	tie	red							red	red	red																															
Nothing But Flavor Festival 2018	1vs1 BOTK Breaking Teens Top 16 Knock-Out	Nixter	Shinigabry	Nixter	4	3	2	1	1	6	5	1	Jaekwon	Jazzy Jes	Sambo							red	tie	blue							red	red	red							blue	blue	blue							blue	red	red													
Nothing But Flavor Festival 2018	1vs1 BOTK Breaking Teens Top 16 Knock-Out	Marox	Mattix	Marox	2	3	2	0	0	6	0	0	Jaekwon	Jazzy Jes	Sambo							red	red	red							red	red	red																															
Nothing But Flavor Festival 2018	1vs1 BOTK Breaking Teens Top 16 Knock-Out	LumberMax	Shinigabry	Shinigabry	2	3	0	2	0	1	5	0	Jaekwon	Jazzy Jes	Sambo							blue	blue	blue							blue	red	blue																															
Nothing But Flavor Festival 2018	1vs1 BOTK Breaking Teens Top 16 Knock-Out	MATY	Nixter	Nixter	2	3	0	2	0	0	6	0	Jaekwon	Jazzy Jes	Sambo							blue	blue	blue							blue	blue	blue																															
Nothing But Flavor Festival 2018	1vs1 BOTK Breaking Teens Top 16 Knock-Out	Sleit	Mattix	Mattix	3	3	0	2	1	2	6	1	Jaekwon	Jazzy Jes	Sambo							blue	blue	red							red	blue	tie							blue	blue	blue																						
Nothing But Flavor Festival 2018	1vs1 BOTK Breaking Teens Top 16 Knock-Out	Miro	Marox	Marox	2	3	0	2	0	1	5	0	Jaekwon	Jazzy Jes	Sambo							blue	red	blue							blue	blue	blue																															
Nothing But Flavor Festival 2018	1vs1 BOTK Breaking Teens Top 16 Knock-Out	Shinigabry	Flow	Shinigabry	1	3	1	0	0	2	1	0	Jaekwon	Jazzy Jes	Sambo							blue	red	red																																								
Nothing But Flavor Festival 2018	1vs1 BOTK Breaking Teens Top 16 Knock-Out	LumberMax	Raph	LumberMax	1	3	1	0	0	3	0	0	Jaekwon	Jazzy Jes	Sambo							red	red	red																																								
Nothing But Flavor Festival 2018	1vs1 BOTK Breaking Teens Top 16 Knock-Out	V-Nuk	Nixter	Nixter	1	3	0	1	0	0	3	0	Jaekwon	Jazzy Jes	Sambo							blue	blue	blue																																								
Nothing But Flavor Festival 2018	1vs1 BOTK Breaking Teens Top 16 Knock-Out	MATY	Luiza	MATY	1	3	1	0	0	2	1	0	Jaekwon	Jazzy Jes	Sambo							blue	red	red																																								
Nothing But Flavor Festival 2018	1vs1 BOTK Breaking Teens Top 16 Knock-Out	Barbi	Mattix	Mattix	1	3	0	1	0	0	3	0	Jaekwon	Jazzy Jes	Sambo							blue	blue	blue																																								
Nothing But Flavor Festival 2018	1vs1 BOTK Breaking Teens Top 16 Knock-Out	Zehr	Sleit	Sleit	1	3	0	1	0	0	3	0	Jaekwon	Jazzy Jes	Sambo							blue	blue	blue																																								
Nothing But Flavor Festival 2018	1vs1 BOTK Breaking Teens Top 16 Knock-Out	Marox	Zulu D	Marox	2	3	1	0	1	3	2	1	Jaekwon	Jazzy Jes	Sambo							tie	blue	red							red	red	blue																															
Nothing But Flavor Festival 2018	1vs1 BOTK Breaking Teens Top 16 Knock-Out	Giulinano	Miro	Miro	1	3	0	1	0	0	3	0	Jaekwon	Jazzy Jes	Sambo							blue	blue	blue																																								
The Notorious IBE 2018	1vs1 Undisputed Top 16 Knock-Out	Phil Wizard	Mowgly	Phil Wizard	2	5	2	0	0	10	0	0	El Niño	Taisuke	Renegade	Moy	Reveal					red	red	red	red	red					red	red	red	red	red																													
The Notorious IBE 2018	1vs1 Undisputed Top 16 Knock-Out	Mowgly	Daniel	Mowgly	2	5	2	0	0	10	0	0	El Niño	Taisuke	Renegade	Moy	Reveal					red	red	red	red	red					red	red	red	red	red																													
The Notorious IBE 2018	1vs1 Undisputed Top 16 Knock-Out	Shigekix	Phil Wizard	Phil Wizard	2	5	0	2	0	2	8	0	El Niño	Taisuke	Renegade	Moy	Reveal					blue	blue	blue	blue	red					red	blue	blue	blue	blue																													
The Notorious IBE 2018	1vs1 Undisputed Top 16 Knock-Out	Onel	Daniel	Daniel	2	5	0	2	0	3	7	0	El Niño	Taisuke	Renegade	Moy	Reveal					blue	blue	blue	red	blue					red	blue	blue	red	blue																													
The Notorious IBE 2018	1vs1 Undisputed Top 16 Knock-Out	Mini Joe	Mowgly	Mowgly	2	5	0	2	0	4	6	0	El Niño	Taisuke	Renegade	Moy	Reveal					blue	red	blue	red	blue					blue	red	red	blue	blue																													
The Notorious IBE 2018	1vs1 Undisputed Top 16 Knock-Out	Tawfiq	Phil Wizard	Phil Wizard	2	5	0	2	0	0	10	0	El Niño	Taisuke	Renegade	Moy	Reveal					blue	blue	blue	blue	blue					blue	blue	blue	blue	blue																													
The Notorious IBE 2018	1vs1 Undisputed Top 16 Knock-Out	Shigekix	Nord Diamond	Shigekix	2	5	2	0	0	10	0	0	El Niño	Taisuke	Renegade	Moy	Reveal					red	red	red	red	red					red	red	red	red	red																													
The Notorious IBE 2018	1vs1 Undisputed Top 16 Knock-Out	Daniel	Lorenzo	Daniel	2	5	2	0	0	6	4	0	El Niño	Taisuke	Renegade	Moy	Reveal					red	blue	blue	red	red					red	blue	red	blue	red																													
The Notorious IBE 2018	1vs1 Undisputed Top 16 Knock-Out	Onel	Nice	Onel	3	5	2	1	0	9	6	0	El Niño	Taisuke	Renegade	Moy	Reveal					blue	blue	red	red	blue					red	blue	red	blue	red					red	red	red	red	blue																				
The Notorious IBE 2018	1vs1 Undisputed Top 16 Knock-Out	Mowgly	Chau-Lin	Mowgly	2	5	2	0	0	8	2	0	El Niño	Taisuke	Renegade	Moy	Reveal					red	blue	blue	red	red					red	red	red	red	red																													
The Notorious IBE 2018	1vs1 Undisputed Top 16 Knock-Out	Mini Joe	Ayaa	Mini Joe	2	5	2	0	0	7	3	0	El Niño	Taisuke	Renegade	Moy	Reveal					red	blue	blue	red	red					red	red	red	blue	red																													
The Notorious IBE 2018	1vs1 Undisputed Top 16 Knock-Out	Phil Wizard	Ayane	Phil Wizard	2	5	2	0	0	10	0	0	El Niño	Taisuke	Renegade	Moy	Reveal					red	red	red	red	red					red	red	red	red	red																													
The Notorious IBE 2018	1vs1 Undisputed Top 16 Knock-Out	Bad Matty	Tawfiq	Tawfiq	2	5	0	2	0	1	9	0	El Niño	Taisuke	Renegade	Moy	Reveal					red	blue	blue	blue	blue					blue	blue	blue	blue	blue																													
The Notorious IBE 2018	1vs1 Undisputed Top 16 Knock-Out	Nord Diamond	Snap	Nord Diamond	2	5	2	0	0	8	2	0	El Niño	Taisuke	Renegade	Moy	Reveal					red	red	red	blue	blue					red	red	red	red	red																													
The Notorious IBE 2018	1vs1 Undisputed Top 16 Knock-Out	Shigekix	Kaneki	Shigekix	2	5	2	0	0	10	0	0	El Niño	Taisuke	Renegade	Moy	Reveal					red	red	red	red	red					red	red	red	red	red																													
Unbreakable World Final 2018	1vs1 Undisputed B-Boy Top 16 Knock-Out	Sunni	Stripes	Stripes	5	5	2	3	0	13	12	0	Renegade	Extremo	Kleju	Niek	Admir					blue	blue	blue	red	blue					red	blue	blue	blue	blue					red	red	red	red	red					red	blue	red	red	red					blue	blue	red	red	blue		
Unbreakable World Final 2018	1vs1 Undisputed B-Boy Top 16 Knock-Out	Stripes	Justen	Stripes	2	5	2	0	0	10	0	0	Renegade	Extremo	Kleju	Niek	Admir					red	red	red	red	red					red	red	red	red	red																													
Unbreakable World Final 2018	1vs1 Undisputed B-Boy Top 16 Knock-Out	Sunni	Beetle	Sunni	3	5	2	1	0	9	6	0	Renegade	Extremo	Kleju	Niek	Admir					red	red	red	red	red					blue	blue	red	blue	blue					blue	red	red	blue	red																				
Unbreakable World Final 2018	1vs1 Undisputed B-Boy Top 16 Knock-Out	Yan	Justen	Justen	2	5	0	2	0	1	9	0	Renegade	Extremo	Kleju	Niek	Admir					blue	blue	blue	blue	red					blue	blue	blue	blue	blue																													
Unbreakable World Final 2018	1vs1 Undisputed B-Boy Top 16 Knock-Out	Lagaet	Stripes	Stripes	3	5	1	2	0	6	9	0	Renegade	Extremo	Kleju	Niek	Admir					blue	red	blue	red	blue					red	red	blue	red	blue					blue	blue	blue	red	blue																				
Unbreakable World Final 2018	1vs1 Undisputed B-Boy Top 16 Knock-Out	Luan San	Beetle	Beetle	3	5	1	2	0	5	10	0	Renegade	Extremo	Kleju	Niek	Admir					blue	blue	blue	blue	blue					red	red	red	red	red					blue	blue	blue	blue	blue																				
Unbreakable World Final 2018	1vs1 Undisputed B-Boy Top 16 Knock-Out	Wing Zero	Sunni	Sunni	2	5	0	2	0	2	8	0	Renegade	Extremo	Kleju	Niek	Admir					blue	red	blue	blue	blue					blue	blue	blue	blue	red																													
Unbreakable World Final 2018	1vs1 Undisputed B-Boy Top 16 Knock-Out	Justen	Heady	Justen	3	5	2	1	0	8	7	0	Renegade	Extremo	Kleju	Niek	Admir					red	red	red	red	red					blue	blue	blue	blue	blue					red	blue	red	blue	red																				
Unbreakable World Final 2018	1vs1 Undisputed B-Boy Top 16 Knock-Out	Yan	Deeogo	Yan	3	5	2	1	0	8	7	0	Renegade	Extremo	Kleju	Niek	Admir					blue	blue	red	red	red					red	blue	blue	blue	red					red	blue	blue	red	red																				
Unbreakable World Final 2018	1vs1 Undisputed B-Boy Top 16 Knock-Out	Stripes	Twister	Stripes	2	5	2	0	0	9	1	0	Renegade	Extremo	Kleju	Niek	Admir					blue	red	red	red	red					red	red	red	red	red																													
Unbreakable World Final 2018	1vs1 Undisputed B-Boy Top 16 Knock-Out	Cri6	Lagaet	Lagaet	2	5	0	2	0	0	10	0	Renegade	Extremo	Kleju	Niek	Admir					blue	blue	blue	blue	blue					blue	blue	blue	blue	blue																													
Unbreakable World Final 2018	1vs1 Undisputed B-Boy Top 16 Knock-Out	Greku	Beetle	Beetle	3	5	1	2	0	7	8	0	Renegade	Extremo	Kleju	Niek	Admir					blue	red	red	blue	blue					red	blue	red	blue	red					blue	blue	red	red	blue																				
Unbreakable World Final 2018	1vs1 Undisputed B-Boy Top 16 Knock-Out	Luan San	Mighty Jim	Luan San	3	5	2	1	0	10	5	0	Renegade	Extremo	Kleju	Niek	Admir					red	red	red	red	red					blue	blue	blue	red	blue					red	red	red	blue	red																				
Unbreakable World Final 2018	1vs1 Undisputed B-Boy Top 16 Knock-Out	Lucky	Sunni	Sunni	2	5	0	2	0	1	9	0	Renegade	Extremo	Kleju	Niek	Admir					blue	blue	blue	blue	blue					blue	blue	red	blue	blue																													
Unbreakable World Final 2018	1vs1 Undisputed B-Boy Top 16 Knock-Out	Gimnast	Wing Zero	Wing Zero	2	5	0	2	0	3	7	0	Renegade	Extremo	Kleju	Niek	Admir					blue	blue	blue	red	red					blue	blue	red	blue	blue																													
Taipei Bboy City World Final 2017	1vs1 Undisputed Top 16 Knock-Out	Aslan aka Bootuz	Vero	Vero	5	5	2	3	0	11	14	0	Skim	Storm	Renegade	Gino	Narumi					blue	red	red	red	red					blue	blue	red	red	blue					blue	blue	blue	blue	blue					red	blue	blue	red	red					blue	red	blue	red	blue		
Taipei Bboy City World Final 2017	1vs1 Undisputed Top 16 Knock-Out	Mounir	Vero	Vero	2	5	0	2	0	1	9	0	Skim	Storm	Renegade	Gino	Narumi					blue	blue	blue	blue	blue					blue	blue	red	blue	blue																													
Taipei Bboy City World Final 2017	1vs1 Undisputed Top 16 Knock-Out	Aslan aka Bootuz	Kid Colombia	Aslan aka Bootuz	2	5	2	0	0	9	1	0	Skim	Storm	Renegade	Gino	Narumi					red	red	blue	red	red					red	red	red	red	red																													
Taipei Bboy City World Final 2017	1vs1 Undisputed Top 16 Knock-Out	Vero	Sky	Vero	2	5	2	0	0	9	1	0	Skim	Storm	Renegade	Gino	Narumi					red	red	red	red	red					red	red	red	blue	red																													
Taipei Bboy City World Final 2017	1vs1 Undisputed Top 16 Knock-Out	Mounir	iLyes	Mounir	2	5	2	0	0	9	1	0	Skim	Storm	Renegade	Gino	Narumi					red	red	red	red	blue					red	red	red	red	red																													
Taipei Bboy City World Final 2017	1vs1 Undisputed Top 16 Knock-Out	Kid Colombia	Noé	Kid Colombia	2	5	2	0	0	10	0	0	Skim	Storm	Renegade	Gino	Narumi					red	red	red	red	red					red	red	red	red	red																													
Taipei Bboy City World Final 2017	1vs1 Undisputed Top 16 Knock-Out	Lussy Sky	Aslan aka Bootuz	Aslan aka Bootuz	3	5	1	2	0	5	10	0	Skim	Storm	Renegade	Gino	Narumi					blue	red	blue	blue	red					red	red	red	blue	blue					blue	blue	blue	blue	blue																				
Taipei Bboy City World Final 2017	1vs1 Undisputed Top 16 Knock-Out	Kaneki	Sky	Sky	2	5	0	2	0	0	10	0	Skim	Storm	Renegade	Gino	Narumi					blue	blue	blue	blue	blue					blue	blue	blue	blue	blue																													
Taipei Bboy City World Final 2017	1vs1 Undisputed Top 16 Knock-Out	Vero	Btrix	Vero	2	5	2	0	0	10	0	0	Skim	Storm	Renegade	Gino	Narumi					red	red	red	red	red					red	red	red	red	red																													
Taipei Bboy City World Final 2017	1vs1 Undisputed Top 16 Knock-Out	Boaz	iLyes	iLyes	3	5	1	2	0	5	10	0	Skim	Storm	Renegade	Gino	Narumi					red	red	red	red	blue					blue	blue	blue	blue	red					blue	blue	blue	blue	blue																				
Taipei Bboy City World Final 2017	1vs1 Undisputed Top 16 Knock-Out	Double Quan	Mounir	Mounir	2	5	0	2	0	0	10	0	Skim	Storm	Renegade	Gino	Narumi					blue	blue	blue	blue	blue					blue	blue	blue	blue	blue																													
Taipei Bboy City World Final 2017	1vs1 Undisputed Top 16 Knock-Out	Bmouth	Noé	Noé	2	5	0	2	0	3	7	0	Skim	Storm	Renegade	Gino	Narumi					blue	blue	blue	red	blue					blue	blue	blue	red	red																													
Taipei Bboy City World Final 2017	1vs1 Undisputed Top 16 Knock-Out	C-Lil	Kid Colombia	Kid Colombia	2	5	0	2	0	2	8	0	Skim	Storm	Renegade	Gino	Narumi					blue	blue	blue	blue	blue					blue	red	blue	blue	red																													
Taipei Bboy City World Final 2017	1vs1 Undisputed Top 16 Knock-Out	Aslan aka Bootuz	WillyRoc	Aslan aka Bootuz	2	5	2	0	0	8	2	0	Skim	Storm	Renegade	Gino	Narumi					blue	red	red	blue	red					red	red	red	red	red																													
Taipei Bboy City World Final 2017	1vs1 Undisputed Top 16 Knock-Out	Lussy Sky	Wing Zero	Lussy Sky	2	5	2	0	0	10	0	0	Skim	Storm	Renegade	Gino	Narumi					red	red	red	red	red					red	red	red	red	red																													
Silverback Open Championship 2017	1vs1 Undisputed Top 32 Knock-Out	Issei	Alkolil	Issei	5	7	4	1	0	23	12	0	Poe One	Reveal	Wicket	AT	Dyzee	Sween	Renegade			blue	blue	blue	blue	blue	blue	blue			red	red	red	blue	red	red	red			red	red	red	red	red	red	red			red	red	blue	red	red	red	red			red	red	blue	blue	red	blue	red
Silverback Open Championship 2017	1vs1 Undisputed Top 32 Knock-Out	Alkolil	Victor	Alkolil	2	7	2	0	0	13	1	0	Poe One	Reveal	Wicket	AT	Dyzee	Sween	Renegade			red	red	red	red	red	red	red			red	red	blue	red	red	red	red																											
Silverback Open Championship 2017	1vs1 Undisputed Top 32 Knock-Out	Issei	Menno	Issei	2	7	2	0	0	12	2	0	Poe One	Reveal	Wicket	AT	Dyzee	Sween	Renegade			red	red	red	red	red	red	red			red	red	blue	red	blue	red	red																											
Silverback Open Championship 2017	1vs1 Undisputed Top 32 Knock-Out	Taisuke	Victor	Victor	3	7	1	2	0	8	13	0	Poe One	Reveal	Wicket	AT	Dyzee	Sween	Renegade			blue	blue	blue	blue	red	blue	red			red	red	red	blue	red	red	red			blue	blue	blue	blue	blue	blue	blue																		
Silverback Open Championship 2017	1vs1 Undisputed Top 32 Knock-Out	Alkolil	El Niño	Alkolil	2	7	2	0	0	12	2	0	Poe One	Reveal	Wicket	AT	Dyzee	Sween	Renegade			red	red	red	red	red	red	red			red	red	red	red	red	blue	blue																											
Silverback Open Championship 2017	1vs1 Undisputed Top 32 Knock-Out	Gravity	Menno	Menno	2	7	0	2	0	2	12	0	Poe One	Reveal	Wicket	AT	Dyzee	Sween	Renegade			blue	blue	red	blue	blue	blue	blue			red	blue	blue	blue	blue	blue	blue																											
Silverback Open Championship 2017	1vs1 Undisputed Top 32 Knock-Out	Issei	Vero	Issei	2	7	2	0	0	11	3	0	Poe One	Reveal	Wicket	AT	Dyzee	Sween	Renegade			red	red	red	red	red	red	red			blue	blue	blue	red	red	red	red																											
Silverback Open Championship 2017	1vs1 Undisputed Top 32 Knock-Out	Kleju	Victor	Victor	2	7	0	2	0	4	10	0	Poe One	Reveal	Sween	Renegade	Dyzee	Wicket	AT			red	red	blue	blue	blue	red	blue			blue	blue	blue	blue	blue	blue	red																											
Silverback Open Championship 2017	1vs1 Undisputed Top 32 Knock-Out	Taisuke	Focus	Taisuke	2	7	2	0	0	10	4	0	Poe One	Reveal	Sween	Renegade	Dyzee	Wicket	Fever One			red	red	red	red	red	red	blue			blue	blue	red	blue	red	red	red																											
Silverback Open Championship 2017	1vs1 Undisputed Top 32 Knock-Out	T-Rock	El Niño	El Niño	2	7	0	2	0	3	11	0	Poe One	Reveal	Sween	Renegade	Dyzee	AT	Wicket			blue	blue	red	blue	blue	blue	red			blue	blue	blue	blue	blue	red	blue																											
Silverback Open Championship 2017	1vs1 Undisputed Top 32 Knock-Out	RoxRite	Alkolil	Alkolil	2	7	0	2	0	0	14	0	Poe One	Reveal	Sween	Renegade	Dyzee	AT	Fever One			blue	blue	blue	blue	blue	blue	blue			blue	blue	blue	blue	blue	blue	blue																											
Silverback Open Championship 2017	1vs1 Undisputed Top 32 Knock-Out	Shigekix	Menno	Menno	2	7	0	2	0	1	13	0	Poe One	Reveal	Sween	Renegade	Wicket	Dyzee	AT			blue	red	blue	blue	blue	blue	blue			blue	blue	blue	blue	blue	blue	blue																											
Silverback Open Championship 2017	1vs1 Undisputed Top 32 Knock-Out	Gravity	Zeku	Gravity	2	7	2	0	0	12	2	0	Poe One	Reveal	Sween	Renegade	Wicket	Dyzee	AT			red	red	red	red	red	red	red			red	blue	red	red	blue	red	red																											
Silverback Open Championship 2017	1vs1 Undisputed Top 32 Knock-Out	Kid Colombia	Vero	Vero	2	7	0	2	0	6	8	0	Poe One	Reveal	Sween	Renegade	Wicket	Dyzee	AT			red	blue	blue	blue	blue	red	red			blue	blue	blue	red	red	red	blue																											
Silverback Open Championship 2017	1vs1 Undisputed Top 32 Knock-Out	Issei	Harrien	Issei	2	7	2	0	0	13	1	0	Poe One	Reveal	Sween	Renegade	Wicket	Dyzee	AT			red	red	red	red	blue	red	red			red	red	red	red	red	red	red																											
Silverback Open Championship 2017	1vs1 Undisputed Top 32 Knock-Out	Gun	Victor	Victor	1	7	0	1	0	0	7	0	Poe One	Reveal	Sween	Renegade	Wicket	Dyzee	AT			blue	blue	blue	blue	blue	blue	blue																																				
Silverback Open Championship 2017	1vs1 Undisputed Top 32 Knock-Out	Omen	Kleju	Kleju	1	7	0	1	0	0	7	0	Poe One	Reveal	Sween	Renegade	Wicket	Dyzee	AT			blue	blue	blue	blue	blue	blue	blue																																				
Silverback Open Championship 2017	1vs1 Undisputed Top 32 Knock-Out	Xisco	Focus	Focus	1	7	0	1	0	2	5	0	Poe One	Reveal	Sween	Renegade	Wicket	Dyzee	Fever One			blue	blue	red	blue	red	blue	blue																																				
Silverback Open Championship 2017	1vs1 Undisputed Top 32 Knock-Out	Taisuke	Flying Buddha	Taisuke	1	7	1	0	0	7	0	0	Poe One	Reveal	AT	Sween	Renegade	Wicket	Dyzee			red	red	red	red	red	red	red																																				
Silverback Open Championship 2017	1vs1 Undisputed Top 32 Knock-Out	El Niño	Nord Diamond	El Niño	1	7	1	0	0	5	2	0	Poe One	Reveal	AT	Sween	Renegade	Wicket	Dyzee			red	red	blue	red	red	blue	red																																				
Silverback Open Championship 2017	1vs1 Undisputed Top 32 Knock-Out	T-Rock	Kuzya	T-Rock	1	7	1	0	0	6	1	0	Poe One	Reveal	AT	Sween	Renegade	Wicket	Dyzee			red	red	red	red	red	red	blue																																				
Silverback Open Championship 2017	1vs1 Undisputed Top 32 Knock-Out	Alkolil	Ronnie	Alkolil	1	7	1	0	0	6	1	0	Poe One	Reveal	AT	Sween	Renegade	Fever One	Wicket			red	red	red	blue	red	red	red																																				
Silverback Open Championship 2017	1vs1 Undisputed Top 32 Knock-Out	RoxRite	Thomaz	RoxRite	1	7	1	0	0	4	3	0	Poe One	Reveal	Dyzee	AT	Sween	Renegade	Fever One			blue	red	red	blue	red	red	blue																																				
Silverback Open Championship 2017	1vs1 Undisputed Top 32 Knock-Out	Minessota Joe	Menno	Menno	1	7	0	1	0	2	5	0	Poe One	Reveal	Dyzee	AT	Wicket	Sween	Renegade			blue	blue	blue	red	blue	red	blue																																				
Silverback Open Championship 2017	1vs1 Undisputed Top 32 Knock-Out	Shigekix	Dany Dan	Shigekix	1	7	1	0	0	7	0	0	Poe One	Reveal	Dyzee	AT	Wicket	Sween	Renegade			red	red	red	red	red	red	red																																				
Silverback Open Championship 2017	1vs1 Undisputed Top 32 Knock-Out	Zeku	Junior	Zeku	1	7	1	0	0	6	1	0	Poe One	Reveal	Dyzee	AT	Wicket	Sween	Renegade			red	red	red	red	red	blue	red																																				
Silverback Open Championship 2017	1vs1 Undisputed Top 32 Knock-Out	Gravity	Robin	Gravity	1	7	1	0	0	6	1	0	Poe One	Reveal	Dyzee	AT	Wicket	Sween	Renegade			red	red	red	blue	red	red	red																																				
Silverback Open Championship 2017	1vs1 Undisputed Top 32 Knock-Out	Vero	Tomi	Vero	1	7	1	0	0	7	0	0	Poe One	Reveal	Dyzee	AT	Wicket	Sween	Renegade			red	red	red	red	red	red	red																																				
Silverback Open Championship 2017	1vs1 Undisputed Top 32 Knock-Out	Kid Colombia	Lil G	Kid Colombia	1	7	1	0	0	4	3	0	Poe One	Reveal	Dyzee	AT	Wicket	Sween	Renegade			red	red	red	red	blue	blue	blue																																				
Silverback Open Championship 2017	1vs1 Undisputed Top 32 Knock-Out	Harrien	Lussy Sky	Harrien	1	7	1	0	0	4	3	0	Poe One	Reveal	Dyzee	AT	Wicket	Sween	Renegade			blue	red	red	blue	blue	red	red																																				
Silverback Open Championship 2017	1vs1 Undisputed Top 32 Knock-Out	Tata	Issei	Issei	1	7	0	1	0	1	6	0	Poe One	Reveal	Dyzee	AT	Wicket	Sween	Renegade			blue	blue	blue	blue	red	blue	blue																																				
Toulouse Battle Pro 2017 - 1vs1 Undisputed	1vs1 Undisputed Top 16 Knock-Out	Lussy Sky	Deny Rock	Lussy Sky	3	3	3	0	0	8	1	0	Bojin	Mounir	Dyzee							red	red	red							red	red	red							red	red	blue																						
Toulouse Battle Pro 2017 - 1vs1 Undisputed	1vs1 Undisputed Top 16 Knock-Out	Deny Rock	Tonio	Deny Rock	3	3	2	1	0	5	4	0	Bojin	Mounir	Dyzee							blue	blue	blue							red	red	red							red	red	blue																						
Toulouse Battle Pro 2017 - 1vs1 Undisputed	1vs1 Undisputed Top 16 Knock-Out	Lussy Sky	Dr. Hill	Lussy Sky	3	3	2	1	0	6	3	0	Bojin	Mounir	Dyzee							red	red	red							red	blue	blue							red	blue	red																						
Toulouse Battle Pro 2017 - 1vs1 Undisputed	1vs1 Undisputed Top 16 Knock-Out	Tonio	Leony	Tonio	3	3	2	1	0	6	3	0	Bojin	Mounir	Dyzee							blue	blue	blue							red	red	red							red	red	red																						
Toulouse Battle Pro 2017 - 1vs1 Undisputed	1vs1 Undisputed Top 16 Knock-Out	Double D	Deny Rock	Deny Rock	3	3	1	2	0	3	6	0	Bojin	Mounir	Dyzee							red	blue	red							blue	blue	blue							red	blue	blue																						
Toulouse Battle Pro 2017 - 1vs1 Undisputed	1vs1 Undisputed Top 16 Knock-Out	Kid Karam	Dr. Hill	Dr. Hill	3	3	1	2	0	3	6	0	Bojin	Mounir	Dyzee							blue	blue	blue							red	blue	red							blue	blue	red																						
Toulouse Battle Pro 2017 - 1vs1 Undisputed	1vs1 Undisputed Top 16 Knock-Out	Justen	Lussy Sky	Lussy Sky	2	3	0	2	0	0	6	0	Bojin	Mounir	Dyzee							blue	blue	blue							blue	blue	blue																															
Toulouse Battle Pro 2017 - 1vs1 Undisputed	1vs1 Undisputed Top 16 Knock-Out	Wen	Leony	Leony	2	3	0	2	0	0	6	0	Bojin	Mounir	Dyzee							blue	blue	blue							blue	blue	blue																															
Toulouse Battle Pro 2017 - 1vs1 Undisputed	1vs1 Undisputed Top 16 Knock-Out	Miracle Smile	Tonio	Tonio	2	3	0	2	0	1	5	0	Bojin	Mounir	Dyzee							blue	blue	red							blue	blue	blue																															
Toulouse Battle Pro 2017 - 1vs1 Undisputed	1vs1 Undisputed Top 16 Knock-Out	Simo	Deny Rock	Deny Rock	3	3	1	2	0	2	7	0	Bojin	Mounir	Dyzee							red	red	blue							blue	blue	blue							blue	blue	blue																						
Toulouse Battle Pro 2017 - 1vs1 Undisputed	1vs1 Undisputed Top 16 Knock-Out	Eagle	Double D	Double D	3	3	1	2	0	4	5	0	Bojin	Mounir	Dyzee							red	red	red							blue	blue	blue							red	blue	blue																						
Toulouse Battle Pro 2017 - 1vs1 Undisputed	1vs1 Undisputed Top 16 Knock-Out	Dr. Hill	BBoy Sniper	Dr. Hill	2	3	2	0	0	6	0	0	Bojin	Mounir	Dyzee							red	red	red							red	red	red																															
Toulouse Battle Pro 2017 - 1vs1 Undisputed	1vs1 Undisputed Top 16 Knock-Out	Kid Karam	Sofiane	Kid Karam	2	3	2	0	0	4	2	0	Bojin	Mounir	Dyzee							red	blue	red							blue	red	red																															
Toulouse Battle Pro 2017 - 1vs1 Undisputed	1vs1 Undisputed Top 16 Knock-Out	Lussy Sky	Onel	Lussy Sky	2	3	2	0	0	5	1	0	Bojin	Mounir	Dyzee							red	red	red							red	red	blue																															
Toulouse Battle Pro 2017 - 1vs1 Undisputed	1vs1 Undisputed Top 16 Knock-Out	Justen	Lunatic	Justen	2	3	2	0	0	5	1	0	Bojin	Mounir	Dyzee							red	red	red							red	red	blue																															
Silverback Open Championship 2016	1vs1 Undisputed Top 32 Knock-Out	Issei	Thesis	Thesis	3	7	1	2	0	8	13	0	Swiftrock	Physicx	Dyzee	Moy	Wicket	Renegade	Ronnie Ruen			blue	blue	blue	red	blue	blue	blue			blue	blue	red	blue	blue	blue	blue			red	red	red	red	blue	red	red																		
Silverback Open Championship 2016	1vs1 Undisputed Top 32 Knock-Out	Thesis	Robin	Thesis	2	7	2	0	0	12	2	0	Swiftrock	Physicx	Dyzee	Moy	Wicket	Renegade	Ronnie Ruen			red	blue	blue	red	red	red	red			red	red	red	red	red	red	red																											
Silverback Open Championship 2016	1vs1 Undisputed Top 32 Knock-Out	Issei	El Niño	Issei	3	7	2	1	0	11	10	0	Swiftrock	Physicx	Dyzee	Moy	Twixx	Renegade	Ronnie Ruen			blue	red	red	red	red	red	red			blue	blue	blue	blue	blue	blue	red			blue	red	red	red	blue	blue	red																		
Silverback Open Championship 2016	1vs1 Undisputed Top 32 Knock-Out	Robin	Alkolil	Robin	2	7	2	0	0	10	4	0	Swiftrock	Physicx	Dyzee	Moy	Twixx	Renegade	Ronnie Ruen			red	red	red	red	blue	red	blue			red	red	blue	red	red	red	blue																											
Silverback Open Championship 2016	1vs1 Undisputed Top 32 Knock-Out	Thesis	Gravity	Thesis	3	7	2	1	0	14	7	0	Swiftrock	Physicx	Dyzee	Wicket	Goku	Renegade	Ronnie Ruen			red	red	red	red	blue	red	red			blue	blue	blue	blue	blue	red	blue			red	red	red	red	red	red	red																		
Silverback Open Championship 2016	1vs1 Undisputed Top 32 Knock-Out	El Niño	Remind	El Niño	3	7	2	1	0	15	6	0	Swiftrock	Physicx	Dyzee	Moy	Twixx	Renegade	Wicket			blue	blue	blue	blue	blue	red	blue			red	red	red	red	red	red	red			red	red	red	red	red	red	red																		
Silverback Open Championship 2016	1vs1 Undisputed Top 32 Knock-Out	Issei	RoxRite	Issei	2	7	2	0	0	8	6	0	Swiftrock	Physicx	Dyzee	Moy	Twixx	Renegade	Ronnie Ruen			red	blue	blue	red	red	blue	red			red	blue	blue	red	red	blue	red																											
Silverback Open Championship 2016	1vs1 Undisputed Top 32 Knock-Out	Alkolil	Wing	Alkolil	1	7	1	0	0	7	0	0	Swiftrock	Physicx	Wicket	Moy	Twixx	Renegade	Ronnie Ruen			red	red	red	red	red	red	red																																				
Silverback Open Championship 2016	1vs1 Undisputed Top 32 Knock-Out	Kid Colombia	Robin	Robin	1	7	0	1	0	1	6	0	Swiftrock	Physicx	Dyzee	Moy	Twixx	Renegade	Ronnie Ruen			blue	red	blue	blue	blue	blue	blue																																				
Silverback Open Championship 2016	1vs1 Undisputed Top 32 Knock-Out	Gravity	Sunni	Gravity	1	7	1	0	0	6	1	0	Swiftrock	Physicx	Dyzee	Wicket	Twixx	Fever One	Ronnie Ruen			red	blue	red	red	red	red	red																																				
Silverback Open Championship 2016	1vs1 Undisputed Top 32 Knock-Out	Thesis	Victor	Thesis	1	7	1	0	0	4	3	0	Swiftrock	Physicx	Dyzee	Moy	Wicket	Renegade	Ronnie Ruen			red	blue	blue	red	red	red	blue																																				
Silverback Open Championship 2016	1vs1 Undisputed Top 32 Knock-Out	Lil G	Remind	Remind	1	7	0	1	0	0	7	0	Swiftrock	Physicx	Dyzee	Moy	Twixx	Renegade	Wicket			blue	blue	blue	blue	blue	blue	blue																																				
Silverback Open Championship 2016	1vs1 Undisputed Top 32 Knock-Out	Taisuke	El Niño	El Niño	1	7	0	1	0	0	7	0	Swiftrock	Physicx	Dyzee	Moy	Twixx	Renegade	Ronnie Ruen			blue	blue	blue	blue	blue	blue	blue																																				
Silverback Open Championship 2016	1vs1 Undisputed Top 32 Knock-Out	RoxRite	Focus	RoxRite	1	7	1	0	0	4	3	0	Swiftrock	Physicx	Dyzee	Moy	Twixx	Renegade	Ronnie Ruen			red	blue	blue	blue	red	red	red																																				
Silverback Open Championship 2016	1vs1 Undisputed Top 32 Knock-Out	Issei	Cheerito	Issei	1	7	1	0	0	7	0	0	Swiftrock	Physicx	Dyzee	Moy	Twixx	Renegade	Ronnie Ruen			red	red	red	red	red	red	red																																				
Silverback Open Championship 2016	1vs1 Undisputed Top 32 Knock-Out	Wing	Lussy Sky	Wing	1	7	1	0	0	6	1	0	Swiftrock	Physicx	Dyzee	Moy	Twixx	Renegade	Ronnie Ruen			red	red	red	blue	red	red	red																																				
Silverback Open Championship 2016	1vs1 Undisputed Top 32 Knock-Out	Morris	Alkolil	Alkolil	1	7	0	1	0	2	5	0	Swiftrock	Physicx	Dyzee	Moy	Twixx	Renegade	Ronnie Ruen			red	blue	blue	blue	blue	blue	red																																				
Silverback Open Championship 2016	1vs1 Undisputed Top 32 Knock-Out	Kareem	Robin	Robin	1	7	0	1	0	3	4	0	Swiftrock	Physicx	Dyzee	Moy	Twixx	Renegade	Ronnie Ruen			blue	blue	blue	blue	red	red	red																																				
Silverback Open Championship 2016	1vs1 Undisputed Top 32 Knock-Out	Kid Colombia	Kleju	Kid Colombia	1	7	1	0	0	4	3	0	Swiftrock	Physicx	Dyzee	Moy	Twixx	Renegade	Ronnie Ruen			red	red	blue	blue	red	blue	red																																				
Silverback Open Championship 2016	1vs1 Undisputed Top 32 Knock-Out	Sunni	Aslan	Sunni	1	7	1	0	0	6	1	0	Swiftrock	Physicx	Dyzee	Moy	Twixx	Fever One	Ronnie Ruen			red	red	red	blue	red	red	red																																				
Silverback Open Championship 2016	1vs1 Undisputed Top 32 Knock-Out	Hong 10	Gravity	Gravity	1	7	0	1	0	1	6	0	Swiftrock	Physicx	Dyzee	Fever One	Twixx	Renegade	Ronnie Ruen			blue	red	blue	blue	blue	blue	blue																																				
Silverback Open Championship 2016	1vs1 Undisputed Top 32 Knock-Out	Victor	Ben$tacks	Victor	2	7	1	0	1	9	4	1	Swiftrock	Physicx	Dyzee	Moy	Twixx	Renegade	Ronnie Ruen			red	red	blue	blue	blue	red	tie			red	red	red	red	blue	red	red																											
Silverback Open Championship 2016	1vs1 Undisputed Top 32 Knock-Out	Niek	Thesis	Thesis	1	7	0	1	0	1	6	0	Swiftrock	Physicx	Dyzee	Moy	Wicket	Renegade	Ronnie Ruen			blue	blue	blue	blue	red	blue	blue																																				
Silverback Open Championship 2016	1vs1 Undisputed Top 32 Knock-Out	Mini Joe	Remind	Remind	1	7	0	1	0	0	7	0	Swiftrock	Physicx	Dyzee	Moy	Twixx	Renegade	Fever One			blue	blue	blue	blue	blue	blue	blue																																				
Silverback Open Championship 2016	1vs1 Undisputed Top 32 Knock-Out	Tricky	Lil G	Lil G	2	7	0	1	1	5	8	1	Swiftrock	Physicx	Dyzee	Moy	Twixx	Renegade	Ronnie Ruen			blue	blue	red	red	red	blue	tie			blue	red	blue	blue	blue	blue	red																											
Silverback Open Championship 2016	1vs1 Undisputed Top 32 Knock-Out	B-Girl Terra	El Niño	El Niño	1	7	0	1	0	0	7	0	Swiftrock	Physicx	Dyzee	Moy	Twixx	Fever One	Ronnie Ruen			blue	blue	blue	blue	blue	blue	blue																																				
Silverback Open Championship 2016	1vs1 Undisputed Top 32 Knock-Out	Lil Zoo	Taisuke	Taisuke	1	7	0	1	0	2	5	0	Swiftrock	Physicx	Dyzee	Moy	Twixx	Renegade	Fever One			blue	red	blue	blue	blue	blue	red																																				
Silverback Open Championship 2016	1vs1 Undisputed Top 32 Knock-Out	Skim	Focus	Focus	1	7	0	1	0	3	4	0	Swiftrock	Physicx	Dyzee	Moy	Twixx	Renegade	Ronnie Ruen			blue	blue	blue	blue	red	red	red																																				
Silverback Open Championship 2016	1vs1 Undisputed Top 32 Knock-Out	RoxRite	Dol	RoxRite	1	7	1	0	0	5	2	0	Swiftrock	Physicx	Dyzee	Moy	Twixx	Renegade	Fever One			red	red	blue	red	red	red	blue																																				
Silverback Open Championship 2016	1vs1 Undisputed Top 32 Knock-Out	Thriller	Cheerito	Cheerito	1	7	0	1	0	1	6	0	Swiftrock	Physicx	Dyzee	Moy	Twixx	Renegade	Ronnie Ruen			red	blue	blue	blue	blue	blue	blue																																				
Silverback Open Championship 2016	1vs1 Undisputed Top 32 Knock-Out	Issei	Pocket	Issei	1	7	1	0	0	6	1	0	Swiftrock	Physicx	Dyzee	Moy	Twixx	Renegade	Ronnie Ruen			red	red	red	red	blue	red	red																																				
Silverback Open Championships 2015	Top32 1vs1 B-Boying Top 32 Knock-Out	Victor	Issei	Victor	3	7	2	1	0	13	7	1	Poe One	Ken Swift	Free	Focus	Ghost	Wicket	Yan			blue	red	blue	blue	blue	red	red			red	blue	blue	red	red	blue	red			red	red	tie	red	red	red	red																		
Silverback Open Championships 2015	Top32 1vs1 B-Boying Top 32 Knock-Out	Issei	Sunni	Issei	2	7	2	0	0	11	2	1	Poe One	Ken Swift	Free	Focus	Ghost	Wicket	Yan			red	tie	red	red	red	red	blue			red	red	red	red	blue	red	red																											
Silverback Open Championships 2015	Top32 1vs1 B-Boying Top 32 Knock-Out	Victor	Hong 10	Victor	2	7	2	0	0	10	2	2	Poe One	Ken Swift	Free	Focus	Ghost	Wicket	Yan			red	red	red	red	red	blue	red			red	red	blue	red	tie	red	tie																											
Silverback Open Championships 2015	Top32 1vs1 B-Boying Top 32 Knock-Out	Nasty Ray	Sunni	Sunni	2	7	0	2	0	6	8	0	Poe One	Ken Swift	Free	Focus	Ghost	Wicket	Yan			blue	red	blue	blue	blue	red	red			blue	blue	blue	blue	red	red	red																											
Silverback Open Championships 2015	Top32 1vs1 B-Boying Top 32 Knock-Out	Kareem	Issei	Issei	2	7	0	2	0	3	11	0	Poe One	Ken Swift	Free	Focus	Ghost	Wicket	Yan			blue	blue	red	blue	blue	blue	red			blue	blue	red	blue	blue	blue	blue																											
Silverback Open Championships 2015	Top32 1vs1 B-Boying Top 32 Knock-Out	Wing	Hong 10	Hong 10	3	7	1	2	0	6	13	2	Poe One	Ken Swift	Free	Focus	Ghost	Wicket	Yan			red	tie	blue	blue	blue	blue	blue			red	red	blue	red	red	blue	blue			blue	blue	blue	blue	tie	blue	red																		
Silverback Open Championships 2015	Top32 1vs1 B-Boying Top 32 Knock-Out	Kid Colombia	Victor	Victor	2	7	0	2	0	5	8	1	Poe One	Ken Swift	Free	Focus	Ghost	Wicket	Yan			blue	tie	blue	blue	blue	red	red			red	red	blue	blue	red	blue	blue																											
Silverback Open Championships 2015	Top32 1vs1 B-Boying Top 32 Knock-Out	Sunni	Thomaz	Sunni	2	7	2	0	0	12	2	0	Poe One	Ken Swift	Free	Focus	Ghost	Wicket	Yan			red	red	red	red	red	red	blue			red	red	red	red	red	red	blue																											
Silverback Open Championships 2015	Top32 1vs1 B-Boying Top 32 Knock-Out	Gravity	Nasty Ray	Nasty Ray	2	7	0	2	0	3	10	1	Poe One	Ken Swift	Free	Focus	Ghost	Wicket	Yan			red	blue	blue	blue	tie	red	blue			red	blue	blue	blue	blue	blue	blue																											
Silverback Open Championships 2015	Top32 1vs1 B-Boying Top 32 Knock-Out	Kill	Issei	Issei	2	7	0	2	0	2	11	1	Poe One	Ken Swift	Free	Focus	Ghost	Wicket	Yan			blue	blue	blue	blue	red	red	blue			blue	blue	tie	blue	blue	blue	blue																											
Silverback Open Championships 2015	Top32 1vs1 B-Boying Top 32 Knock-Out	Kareem	Zeku	Kareem	2	7	2	0	0	14	0	0	Poe One	Ken Swift	Free	Focus	Ghost	Wicket	Yan			red	red	red	red	red	red	red			red	red	red	red	red	red	red																											
Silverback Open Championships 2015	Top32 1vs1 B-Boying Top 32 Knock-Out	Shigekix	Hong 10	Hong 10	3	7	1	2	0	4	14	3	Poe One	Ken Swift	Free	Focus	Ghost	Wicket	Yan			red	tie	blue	red	red	red	tie			blue	blue	tie	blue	blue	blue	blue			blue	blue	blue	blue	blue	blue	blue																		
Silverback Open Championships 2015	Top32 1vs1 B-Boying Top 32 Knock-Out	Wing	Menno	Wing	2	7	2	0	0	12	1	1	Poe One	Ken Swift	Free	Focus	Ghost	Wicket	Yan			red	red	red	tie	red	red	blue			red	red	red	red	red	red	red																											
Silverback Open Championships 2015	Top32 1vs1 B-Boying Top 32 Knock-Out	Victor	Cheerito	Victor	3	7	2	1	0	11	7	3	Poe One	Ken Swift	Free	Focus	Ghost	Wicket	Yan			blue	blue	blue	red	blue	blue	blue			red	tie	red	red	tie	blue	red			red	red	tie	red	red	red	red																		
Silverback Open Championships 2015	Top32 1vs1 B-Boying Top 32 Knock-Out	Xisco	Kid Colombia	Kid Colombia	3	7	1	2	0	10	11	0	Poe One	Ken Swift	Free	Focus	Ghost	Wicket	Yan			red	blue	red	red	red	red	red			blue	red	blue	red	blue	red	blue			blue	blue	blue	blue	blue	blue	red																		
Silverback Open Championships 2015	Top32 1vs1 B-Boying Top 32 Knock-Out	Alkolil	Thomaz	Thomaz	1	7	0	1	0	3	4	0	Poe One	Ken Swift	Free	Focus	Ghost	Wicket	Yan			blue	blue	red	blue	blue	red	red																																				
Silverback Open Championships 2015	Top32 1vs1 B-Boying Top 32 Knock-Out	Killa-Kolya	Sunni	Sunni	1	7	0	1	0	1	6	0	Poe One	Ken Swift	Free	Focus	Ghost	Wicket	Yan			blue	blue	red	blue	blue	blue	blue																																				
Silverback Open Championships 2015	Top32 1vs1 B-Boying Top 32 Knock-Out	Nasty Ray	Yarko	Nasty Ray	1	7	1	0	0	5	2	0	Poe One	Ken Swift	Free	Focus	Ghost	Wicket	Yan			blue	red	red	red	red	red	blue																																				
Silverback Open Championships 2015	Top32 1vs1 B-Boying Top 32 Knock-Out	Gravity	Ken Fury	Gravity	1	7	1	0	0	6	0	1	Poe One	Ken Swift	Free	Focus	Ghost	Wicket	Yan			red	tie	red	red	red	red	red																																				
Silverback Open Championships 2015	Top32 1vs1 B-Boying Top 32 Knock-Out	Robin	Issei	Issei	1	7	0	1	0	1	5	1	Poe One	Ken Swift	Free	Focus	Ghost	Wicket	Yan			blue	blue	blue	blue	tie	blue	red																																				
Silverback Open Championships 2015	Top32 1vs1 B-Boying Top 32 Knock-Out	Ben$tacks	Kill	Kill	1	7	0	1	0	0	6	1	Poe One	Ken Swift	Free	Focus	Ghost	Wicket	Yan			blue	blue	blue	blue	blue	blue	tie																																				
Silverback Open Championships 2015	Top32 1vs1 B-Boying Top 32 Knock-Out	Skim	Zeku	Zeku	1	7	0	1	0	2	5	0	Poe One	Ken Swift	Free	Focus	Ghost	Wicket	Yan			blue	blue	blue	blue	blue	red	red																																				
Silverback Open Championships 2015	Top32 1vs1 B-Boying Top 32 Knock-Out	Kareem	Gun	Kareem	1	7	1	0	0	5	2	0	Poe One	Ken Swift	Free	Focus	Ghost	Wicket	Yan			blue	red	blue	red	red	red	red																																				
Silverback Open Championships 2015	Top32 1vs1 B-Boying Top 32 Knock-Out	Hong 10	Ronnie	Hong 10	1	7	1	0	0	5	0	2	Poe One	Ken Swift	Free	Focus	Ghost	Wicket	Yan			tie	tie	red	red	red	red	red																																				
Silverback Open Championships 2015	Top32 1vs1 B-Boying Top 32 Knock-Out	Moy	Shigekix	Shigekix	1	7	0	1	0	1	6	0	Poe One	Ken Swift	Free	Focus	Ghost	Wicket	Yan			blue	blue	blue	blue	blue	blue	red																																				
Silverback Open Championships 2015	Top32 1vs1 B-Boying Top 32 Knock-Out	Menno	Luigi	Menno	1	7	1	0	0	6	0	1	Poe One	Ken Swift	Free	Focus	Ghost	Wicket	Yan			red	red	tie	red	red	red	red																																				
Silverback Open Championships 2015	Top32 1vs1 B-Boying Top 32 Knock-Out	Wing	Scumbag Jose	Wing	1	7	1	0	0	6	0	1	Poe One	Ken Swift	Free	Focus	Ghost	Wicket	Yan			red	red	red	red	tie	red	red																																				
Silverback Open Championships 2015	Top32 1vs1 B-Boying Top 32 Knock-Out	Cheerito	Illz	Cheerito	1	7	1	0	0	7	0	0	Poe One	Ken Swift	Free	Focus	Ronnie Ruen	Wicket	Yan			red	red	red	red	red	red	red																																				
Silverback Open Championships 2015	Top32 1vs1 B-Boying Top 32 Knock-Out	Morris	Victor	Victor	1	7	0	1	0	2	5	0	Poe One	Ken Swift	Free	Focus	Ghost	Wicket	Yan			blue	blue	blue	blue	red	red	blue																																				
Silverback Open Championships 2015	Top32 1vs1 B-Boying Top 32 Knock-Out	Pocket	Kid Colombia	Kid Colombia	1	7	0	1	0	3	4	0	Poe One	Ken Swift	Free	Focus	Ghost	Wicket	Yan			red	blue	red	red	blue	blue	blue																																				
Silverback Open Championships 2015	Top32 1vs1 B-Boying Top 32 Knock-Out	El Niño	Xisco	Xisco	1	7	0	1	0	1	6	0	Poe One	Ken Swift	Free	Focus	Ghost	Wicket	Yan			blue	blue	red	blue	blue	blue	blue																																				
Freestyle Session World Finals 2014	1vs1 Undisputed Top 16 Knock-Out	El Niño	Gravity	El Niño	4	5	3	1	0	11	8	1	Poe One	Swiftrock	Flomaster	Storm	Wicket					blue	blue	blue	blue	blue					red	blue	red	red	red					red	tie	red	blue	red					red	red	red	blue	red											
Freestyle Session World Finals 2014	1vs1 Undisputed Top 16 Knock-Out	Niek	Gravity	Gravity	4	5	1	2	1	9	10	1	Poe One	Swiftrock	Flomaster	Storm	Wicket					blue	tie	blue	red	red					red	red	red	red	red					blue	blue	blue	red	red					blue	blue	blue	blue	blue											
Freestyle Session World Finals 2014	1vs1 Undisputed Top 16 Knock-Out	El Niño	Illz	El Niño	2	5	2	0	0	8	2	0	Poe One	Swiftrock	Flomaster	Storm	Wicket					red	red	red	red	red					blue	red	blue	red	red																													
Freestyle Session World Finals 2014	1vs1 Undisputed Top 16 Knock-Out	Morris	Gravity	Gravity	2	5	0	2	0	1	9	0	Poe One	Swiftrock	Flomaster	Storm	Wicket					blue	blue	blue	red	blue					blue	blue	blue	blue	blue																													
Freestyle Session World Finals 2014	1vs1 Undisputed Top 16 Knock-Out	Niek	Moy	Niek	2	5	2	0	0	7	3	0	Poe One	Swiftrock	Flomaster	Storm	Wicket					blue	red	red	red	red					blue	red	blue	red	red																													
Freestyle Session World Finals 2014	1vs1 Undisputed Top 16 Knock-Out	Illz	Nori	Illz	2	5	2	0	0	7	2	1	Poe One	Swiftrock	Flomaster	Storm	Wicket					blue	tie	red	red	red					red	red	red	red	blue																													
Freestyle Session World Finals 2014	1vs1 Undisputed Top 16 Knock-Out	El Niño	TawfiQ	El Niño	2	5	2	0	0	9	0	1	Poe One	Swiftrock	Flomaster	Storm	Wicket					red	red	red	red	red					red	tie	red	red	red																													
Freestyle Session World Finals 2014	1vs1 Undisputed Top 16 Knock-Out	Palmer	Gravity	Gravity	2	5	0	2	0	1	9	0	Poe One	Swiftrock	Flomaster	Storm	Wicket					blue	blue	red	blue	blue					blue	blue	blue	blue	blue																													
Freestyle Session World Finals 2014	1vs1 Undisputed Top 16 Knock-Out	Lazy	Morris	Morris	2	5	0	2	0	0	10	0	Poe One	Swiftrock	Flomaster	Storm	Wicket					blue	blue	blue	blue	blue					blue	blue	blue	blue	blue																													
Freestyle Session World Finals 2014	1vs1 Undisputed Top 16 Knock-Out	Bebo	Moy	Moy	2	5	0	2	0	2	8	0	Poe One	Swiftrock	Flomaster	Storm	Wicket					blue	blue	blue	blue	blue					blue	blue	red	red	blue																													
Freestyle Session World Finals 2014	1vs1 Undisputed Top 16 Knock-Out	Niek	Mighty Wealthy	Mighty Wealthy	2	5	0	2	0	0	10	0	Poe One	Swiftrock	Flomaster	Storm	Wicket					blue	blue	blue	blue	blue					blue	blue	blue	blue	blue																													
Freestyle Session World Finals 2014	1vs1 Undisputed Top 16 Knock-Out	Nasty Ray	Nori	Nori	2	5	0	2	0	2	8	0	Poe One	Swiftrock	Flomaster	Storm	Wicket					blue	blue	blue	blue	blue					blue	blue	red	red	blue																													
Freestyle Session World Finals 2014	1vs1 Undisputed Top 16 Knock-Out	Kleju	Illz	Illz	2	5	0	2	0	2	8	0	Poe One	Swiftrock	Flomaster	Storm	Wicket					blue	red	blue	blue	red					blue	blue	blue	blue	blue																													
Freestyle Session World Finals 2014	1vs1 Undisputed Top 16 Knock-Out	Ronnie Ruen	TawfiQ	TawfiQ	3	5	1	2	0	5	8	2	Poe One	Swiftrock	Flomaster	Storm	Wicket					red	red	red	blue	red					tie	red	blue	blue	blue					blue	tie	blue	blue	blue																				
Freestyle Session World Finals 2014	1vs1 Undisputed Top 16 Knock-Out	El Niño	Yarko	El Niño	2	5	2	0	0	8	2	0	Poe One	Swiftrock	Flomaster	Storm	Wicket					red	red	red	red	red					blue	red	blue	red	red																													
BOTY International 1vs1 Battle 2014	1vs1 Undisputed Top 16 Knock-Out	Alkolil	Kleju	Alkolil	4	5	3	1	0	10	10	0	Neguin	The End	Poe One	Renegade	RoxRite					blue	red	red	blue	red					blue	red	red	red	red					blue	blue	blue	blue	blue					red	red	blue	blue	red											
BOTY International 1vs1 Battle 2014	1vs1 Undisputed Top 16 Knock-Out	Benny	Kleju	Kleju	2	5	0	2	0	1	9	0	Neguin	The End	Poe One	Renegade	RoxRite					blue	blue	blue	red	blue					blue	blue	blue	blue	blue																													
BOTY International 1vs1 Battle 2014	1vs1 Undisputed Top 16 Knock-Out	Alkolil	Kazuki Rok	Alkolil	3	5	2	1	0	9	6	0	Neguin	The End	Poe One	Renegade	RoxRite					red	blue	red	red	red					blue	red	blue	blue	blue					red	red	red	blue	red																				
BOTY International 1vs1 Battle 2014	1vs1 Undisputed Top 16 Knock-Out	Kleju	Lil Zoo	Kleju	3	5	2	1	0	8	7	0	Neguin	The End	Poe One	Renegade	RoxRite					red	blue	red	red	blue					blue	blue	blue	blue	blue					red	red	red	red	red																				
BOTY International 1vs1 Battle 2014	1vs1 Undisputed Top 16 Knock-Out	T-Rock	Benny	Benny	3	5	1	2	0	4	11	0	Neguin	The End	Poe One	Renegade	RoxRite					blue	blue	blue	blue	blue					blue	blue	red	red	red					blue	red	blue	blue	blue																				
BOTY International 1vs1 Battle 2014	1vs1 Undisputed Top 16 Knock-Out	Kazuki Rok	Kid Colombia	Kazuki Rok	3	5	2	1	0	12	3	0	Neguin	The End	Poe One	Renegade	RoxRite					red	blue	blue	blue	red					red	red	red	red	red					red	red	red	red	red																				
BOTY International 1vs1 Battle 2014	1vs1 Undisputed Top 16 Knock-Out	Gravity	Alkolil	Alkolil	3	5	1	2	0	6	8	1	Neguin	The End	Poe One	Renegade	RoxRite					blue	blue	blue	blue	blue					red	red	red	red	red					red	blue	tie	blue	blue																				
BOTY International 1vs1 Battle 2014	1vs1 Undisputed Top 16 Knock-Out	Lil Zoo	Khalil	Khalil	3	5	1	2	0	5	10	0	Neguin	The End	Poe One	Renegade	RoxRite					blue	blue	red	blue	blue					blue	red	red	red	red					blue	blue	blue	blue	blue																				
BOTY International 1vs1 Battle 2014	1vs1 Undisputed Top 16 Knock-Out	Kleju	Mini Joe	Kleju	2	5	2	0	0	10	0	0	Neguin	The End	Poe One	Renegade	RoxRite					red	red	red	red	red					red	red	red	red	red																													
BOTY International 1vs1 Battle 2014	1vs1 Undisputed Top 16 Knock-Out	Benny	Onel	Benny	3	5	2	1	0	12	3	0	Neguin	The End	Poe One	Renegade	RoxRite					red	blue	blue	red	blue					red	red	red	red	red					red	red	red	red	red																				
BOTY International 1vs1 Battle 2014	1vs1 Undisputed Top 16 Knock-Out	Noe	T-Rock	T-Rock	2	5	0	2	0	0	10	0	Neguin	The End	Poe One	Renegade	RoxRite					blue	blue	blue	blue	blue					blue	blue	blue	blue	blue																													
BOTY International 1vs1 Battle 2014	1vs1 Undisputed Top 16 Knock-Out	Kid Colombia	Rafa Stil	Kid Colombia	2	5	2	0	0	10	0	0	Neguin	The End	Poe One	Renegade	RoxRite					red	red	red	red	red					red	red	red	red	red																													
BOTY International 1vs1 Battle 2014	1vs1 Undisputed Top 16 Knock-Out	Kazuki Rok	Zip Rock	Kazuki Rok	2	5	2	0	0	7	3	0	Neguin	The End	Poe One	Renegade	RoxRite					blue	red	red	red	red					blue	red	red	red	blue																													
BOTY International 1vs1 Battle 2014	1vs1 Undisputed Top 16 Knock-Out	Alkolil	Kacyo	Alkolil	2	5	2	0	0	10	0	0	Neguin	The End	Poe One	Renegade	RoxRite					red	red	red	red	red					red	red	red	red	red																													
BOTY International 1vs1 Battle 2014	1vs1 Undisputed Top 16 Knock-Out	Gravity	Hugga	Gravity	2	5	2	0	0	10	0	0	Neguin	The End	Poe One	Renegade	RoxRite					red	red	red	red	red					red	red	red	red	red																													
Chelles Battle Pro 2014	1vs1 Undisputed Top 16 Knock-Out	Menno	Kareem	Menno	2	5	2	0	0	7	3	0	RoxRite	Lil Cesar	Storm	FanFan	Prince					red	blue	red	blue	red					red	blue	red	red	red																													
Chelles Battle Pro 2014	1vs1 Undisputed Top 16 Knock-Out	Zoot	Kareem	Kareem	4	5	1	2	1	9	10	1	RoxRite	Lil Cesar	Storm	FanFan	Prince					blue	blue	blue	red	blue					red	red	red	red	red					tie	blue	blue	red	red					blue	blue	blue	blue	red											
Chelles Battle Pro 2014	1vs1 Undisputed Top 16 Knock-Out	Menno	Kolobok	Menno	2	5	2	0	0	10	0	0	RoxRite	Lil Cesar	Storm	FanFan	Prince					red	red	red	red	red					red	red	red	red	red																													
Chelles Battle Pro 2014	1vs1 Undisputed Top 16 Knock-Out	Kareem	Lil G	Kareem	3	5	2	1	0	7	6	2	RoxRite	Lil Cesar	Storm	FanFan	Prince					blue	blue	blue	blue	blue					red	tie	red	red	red					red	blue	red	tie	red																				
Chelles Battle Pro 2014	1vs1 Undisputed Top 16 Knock-Out	Zoot	Kazuki Rok	Zoot	3	5	2	1	0	10	5	0	RoxRite	Lil Cesar	Storm	FanFan	Prince					blue	red	red	blue	blue					red	red	blue	red	red					blue	red	red	red	red																				
Chelles Battle Pro 2014	1vs1 Undisputed Top 16 Knock-Out	Kolobok	Chey	Kolobok	2	5	2	0	0	8	2	0	RoxRite	Lil Cesar	Storm	FanFan	Prince					red	red	red	blue	blue					red	red	red	red	red																													
Chelles Battle Pro 2014	1vs1 Undisputed Top 16 Knock-Out	Menno	Cri6	Menno	2	5	2	0	0	10	0	0	RoxRite	Lil Cesar	Storm	FanFan	Prince					red	red	red	red	red					red	red	red	red	red																													
Chelles Battle Pro 2014	1vs1 Undisputed Top 16 Knock-Out	Lil G	Admiracles	Lil G	2	3	2	0	0	5	1	0	Lilou	Storm	Niek							blue	red	red							red	red	red																															
Chelles Battle Pro 2014	1vs1 Undisputed Top 16 Knock-Out	Kareem	Kiami	Kareem	2	3	2	0	0	6	0	0	Lilou	Storm	Niek							red	red	red							red	red	red																															
Chelles Battle Pro 2014	1vs1 Undisputed Top 16 Knock-Out	Kazuki Rok	Willy	Kazuki Rok	2	3	2	0	0	5	1	0	Lilou	Storm	Niek							blue	red	red							red	red	red																															
Chelles Battle Pro 2014	1vs1 Undisputed Top 16 Knock-Out	Zoot	Toleek	Zoot	2	3	2	0	0	5	1	0	Lilou	Storm	Niek							red	red	blue							red	red	red																															
Chelles Battle Pro 2014	1vs1 Undisputed Top 16 Knock-Out	Chey	Azone	Chey	2	3	2	0	0	6	0	0	Lilou	Storm	Niek							red	red	red							red	red	red																															
Chelles Battle Pro 2014	1vs1 Undisputed Top 16 Knock-Out	Kolobok	Luan San	Kolobok	2	3	2	0	0	5	1	0	Lilou	Storm	Niek							red	red	red							red	blue	red																															
Chelles Battle Pro 2014	1vs1 Undisputed Top 16 Knock-Out	Cri6	Liquid Man	Cri6	2	3	2	0	0	5	1	0	Lilou	Storm	Niek							red	red	blue							red	red	red																															
Chelles Battle Pro 2014	1vs1 Undisputed Top 16 Knock-Out	Menno	Benny	Menno	2	3	2	0	0	5	1	0	Lilou	Storm	Niek							red	red	red							red	red	blue																															
